total_genes	mut_genes_combi	mut_genes_ppcg	a	b	c	d	odds_ratio	p_value	q_value	significant	geneset
24	11	4	15	49	3	61	6.22449	0.00407	1.00000	False	REACTOME_SYNTHESIS_OF_VERY_LONG_CHAIN_FATTY_ACYL_COAS
30	10	17	10	54	22	42	0.35354	0.02385	1.00000	False	REACTOME_SUMOYLATION_OF_INTRACELLULAR_RECEPTORS
44	16	11	22	42	10	54	2.82857	0.02385	1.00000	False	REACTOME_BILE_ACID_AND_BILE_SALT_METABOLISM
37	14	8	19	45	8	56	2.95556	0.02906	1.00000	False	REACTOME_FATTY_ACYL_COA_BIOSYNTHESIS
13	6	2	10	54	2	62	5.74074	0.03003	1.00000	False	REACTOME_TRANSCRIPTIONAL_REGULATION_OF_TESTIS_DIFFERENTIATION
35	14	14	15	49	27	37	0.41950	0.03775	1.00000	False	REACTOME_SLC_MEDIATED_TRANSPORT_OF_INORGANIC_ANIONS
25	11	8	22	42	12	52	2.26984	0.07081	1.00000	False	REACTOME_DEFECTIVE_INTRINSIC_PATHWAY_FOR_APOPTOSIS
49	21	14	22	42	12	52	2.26984	0.07081	1.00000	False	REACTOME_RETROGRADE_TRANSPORT_AT_THE_TRANS_GOLGI_NETWORK
15	6	3	10	54	3	61	3.76543	0.07589	1.00000	False	REACTOME_NEGATIVE_REGULATION_OF_TCF_DEPENDENT_SIGNALING_BY_WNT_LIGAND_ANTAGONISTS
29	17	13	24	40	14	50	2.14286	0.08095	1.00000	False	REACTOME_MYOGENESIS
31	12	8	24	40	14	50	2.14286	0.08095	1.00000	False	REACTOME_TRANSCRIPTIONAL_REGULATION_OF_PLURIPOTENT_STEM_CELLS
37	17	10	19	45	10	54	2.28000	0.09014	1.00000	False	REACTOME_MOLECULES_ASSOCIATED_WITH_ELASTIC_FIBRES
31	14	9	19	45	10	54	2.28000	0.09014	1.00000	False	REACTOME_RUNX2_REGULATES_BONE_DEVELOPMENT
29	10	9	19	45	10	54	2.28000	0.09014	1.00000	False	REACTOME_EGR2_AND_SOX10_MEDIATED_INITIATION_OF_SCHWANN_CELL_MYELINATION
18	9	4	11	53	4	60	3.11321	0.09670	1.00000	False	REACTOME_DEVELOPMENTAL_LINEAGE_OF_MULTIPOTENT_PANCREATIC_PROGENITOR_CELLS
38	11	4	11	53	4	60	3.11321	0.09670	1.00000	False	REACTOME_REGULATION_OF_ORNITHINE_DECARBOXYLASE_ODC
35	11	7	15	49	7	57	2.49271	0.09952	1.00000	False	REACTOME_NUCLEAR_EVENTS_STIMULATED_BY_ALK_SIGNALING_IN_CANCER
21	12	7	15	49	7	57	2.49271	0.09952	1.00000	False	REACTOME_REGULATION_OF_FZD_BY_UBIQUITINATION
23	15	12	30	34	20	44	1.94118	0.10257	1.00000	False	REACTOME_LONG_TERM_POTENTIATION
42	20	11	21	43	12	52	2.11628	0.10519	1.00000	False	REACTOME_RHOF_GTPASE_CYCLE
39	10	5	12	52	5	59	2.72308	0.11622	1.00000	False	REACTOME_UBIQUITIN_DEPENDENT_DEGRADATION_OF_CYCLIN_D
18	10	4	12	52	5	59	2.72308	0.11622	1.00000	False	REACTOME_FORMATION_OF_THE_POLYBROMO_BAF_PBAF_COMPLEX
44	11	9	23	41	14	50	2.00348	0.11818	1.00000	False	REACTOME_STABILIZATION_OF_P53
42	18	14	23	41	14	50	2.00348	0.11818	1.00000	False	REACTOME_ACTIVATION_OF_GENE_EXPRESSION_BY_SREBF_SREBP
30	12	18	15	49	24	40	0.51020	0.12392	1.00000	False	REACTOME_LAMININ_INTERACTIONS
21	13	10	24	40	15	49	1.96000	0.12392	1.00000	False	REACTOME_UNBLOCKING_OF_NMDA_RECEPTORS_GLUTAMATE_BINDING_AND_ACTIVATION
44	13	11	25	39	16	48	1.92308	0.12916	1.00000	False	REACTOME_TP53_REGULATES_TRANSCRIPTION_OF_CELL_DEATH_GENES
23	7	12	10	54	18	46	0.47325	0.13362	1.00000	False	REACTOME_TERMINATION_OF_O_GLYCAN_BIOSYNTHESIS
44	14	8	18	46	10	54	2.11304	0.13362	1.00000	False	REACTOME_AGGREPHAGY
44	12	7	13	51	6	58	2.46405	0.13432	1.00000	False	REACTOME_GSK3B_MEDIATED_PROTEASOMAL_DEGRADATION_OF_PD_L1_CD274
49	18	13	27	37	18	46	1.86486	0.13820	1.00000	False	REACTOME_TP53_REGULATES_TRANSCRIPTION_OF_CELL_CYCLE_GENES
21	12	8	27	37	18	46	1.86486	0.13820	1.00000	False	REACTOME_SYNAPTIC_ADHESION_LIKE_MOLECULES
34	16	12	19	45	11	53	2.03434	0.14340	1.00000	False	REACTOME_SIGNALING_BY_WNT_IN_CANCER
31	12	8	14	50	7	57	2.28000	0.15099	1.00000	False	REACTOME_FGFR1_MUTANT_RECEPTOR_ACTIVATION
23	12	7	14	50	7	57	2.28000	0.15099	1.00000	False	REACTOME_RHOBTB1_GTPASE_CYCLE
31	16	10	20	44	12	52	1.96970	0.15242	1.00000	False	REACTOME_TRAFFICKING_OF_AMPA_RECEPTORS
24	7	4	10	54	4	60	2.77778	0.15495	1.00000	False	REACTOME_GROWTH_HORMONE_RECEPTOR_SIGNALING
7	5	3	10	54	4	60	2.77778	0.15495	1.00000	False	REACTOME_ACTIVATED_NTRK2_SIGNALS_THROUGH_PI3K
23	9	13	13	51	21	43	0.52194	0.16072	1.00000	False	REACTOME_ATTACHMENT_OF_BACTERIA_TO_EPITHELIAL_CELLS
38	18	14	21	43	13	51	1.91592	0.16072	1.00000	False	REACTOME_APOPTOTIC_CLEAVAGE_OF_CELLULAR_PROTEINS
33	10	7	15	49	8	56	2.14286	0.16629	1.00000	False	REACTOME_SYNTHESIS_OF_BILE_ACIDS_AND_BILE_SALTS
37	11	6	15	49	8	56	2.14286	0.16629	1.00000	False	REACTOME_DETOXIFICATION_OF_REACTIVE_OXYGEN_SPECIES
44	15	11	23	41	15	49	1.83252	0.17527	1.00000	False	REACTOME_DEACTIVATION_OF_THE_BETA_CATENIN_TRANSACTIVATING_COMPLEX
40	11	15	15	49	23	41	0.54570	0.17527	1.00000	False	REACTOME_INFECTION_WITH_ENTEROBACTERIA
50	11	5	11	53	5	59	2.44906	0.18021	1.00000	False	REACTOME_SCF_SKP2_MEDIATED_DEGRADATION_OF_P27_P21
15	8	5	11	53	5	59	2.44906	0.18021	1.00000	False	REACTOME_PROLACTIN_RECEPTOR_SIGNALING
22	11	5	11	53	5	59	2.44906	0.18021	1.00000	False	REACTOME_NPAS4_REGULATES_EXPRESSION_OF_TARGET_GENES
16	6	3	11	53	5	59	2.44906	0.18021	1.00000	False	REACTOME_TRAF6_MEDIATED_INDUCTION_OF_TAK1_COMPLEX_WITHIN_TLR4_COMPLEX
37	9	16	10	54	17	47	0.51198	0.19308	1.00000	False	REACTOME_CHONDROITIN_SULFATE_DERMATAN_SULFATE_METABOLISM
24	10	9	17	47	10	54	1.95319	0.19308	1.00000	False	REACTOME_DARPP_32_EVENTS
29	11	6	12	52	6	58	2.23077	0.20279	1.00000	False	REACTOME_PIWI_INTERACTING_RNA_PIRNA_BIOGENESIS
27	11	6	12	52	6	58	2.23077	0.20279	1.00000	False	REACTOME_CARDIOGENESIS
20	11	14	29	35	21	43	1.69660	0.20455	1.00000	False	REACTOME_RECEPTOR_TYPE_TYROSINE_PROTEIN_PHOSPHATASES
28	15	9	19	45	12	52	1.82963	0.21540	1.00000	False	REACTOME_TRP_CHANNELS
39	13	10	35	29	27	37	1.65390	0.21556	1.00000	False	REACTOME_OVARIAN_TUMOR_DOMAIN_PROTEASES
24	10	6	13	51	7	57	2.07563	0.22298	1.00000	False	REACTOME_RUNX2_REGULATES_OSTEOBLAST_DIFFERENTIATION
31	11	7	13	51	7	57	2.07563	0.22298	1.00000	False	REACTOME_TRANSFERRIN_ENDOCYTOSIS_AND_RECYCLING
45	16	13	14	50	21	43	0.57333	0.23390	1.00000	False	REACTOME_SIGNALING_BY_MODERATE_KINASE_ACTIVITY_BRAF_MUTANTS
44	18	17	21	43	14	50	1.74419	0.23390	1.00000	False	REACTOME_SUMOYLATION_OF_TRANSCRIPTION_COFACTORS
40	13	12	14	50	21	43	0.57333	0.23390	1.00000	False	REACTOME_MAP2K_AND_MAPK_ACTIVATION
20	9	10	21	43	14	50	1.74419	0.23390	1.00000	False	REACTOME_SUMOYLATION_OF_TRANSCRIPTION_FACTORS
17	9	6	14	50	8	56	1.96000	0.24107	1.00000	False	REACTOME_TRAFFICKING_OF_GLUR2_CONTAINING_AMPA_RECEPTORS
45	12	8	14	50	8	56	1.96000	0.24107	1.00000	False	REACTOME_TRNA_MODIFICATION_IN_THE_NUCLEUS_AND_CYTOSOL
41	14	11	23	41	16	48	1.68293	0.24909	1.00000	False	REACTOME_TRANSCRIPTIONAL_REGULATION_BY_VENTX
47	11	20	16	48	23	41	0.59420	0.24909	1.00000	False	REACTOME_NR1H2_AND_NR1H3_MEDIATED_SIGNALING
46	16	12	23	41	16	48	1.68293	0.24909	1.00000	False	REACTOME_KIDNEY_DEVELOPMENT
47	14	8	15	49	9	55	1.87075	0.25729	1.00000	False	REACTOME_DEGRADATION_OF_GLI1_BY_THE_PROTEASOME
31	12	9	15	49	9	55	1.87075	0.25729	1.00000	False	REACTOME_DISASSEMBLY_OF_THE_DESTRUCTION_COMPLEX_AND_RECRUITMENT_OF_AXIN_TO_THE_MEMBRANE
48	20	16	26	38	19	45	1.62050	0.26661	1.00000	False	REACTOME_IRS_MEDIATED_SIGNALLING
18	7	5	10	54	5	59	2.18519	0.27146	1.00000	False	REACTOME_DISORDERS_OF_DEVELOPMENTAL_BIOLOGY
32	8	6	10	54	5	59	2.18519	0.27146	1.00000	False	REACTOME_DEVELOPMENTAL_LINEAGE_OF_PANCREATIC_ACINAR_CELLS
35	13	10	16	48	10	54	1.80000	0.27186	1.00000	False	REACTOME_N_GLYCAN_TRIMMING_IN_THE_ER_AND_CALNEXIN_CALRETICULIN_CYCLE
26	12	12	17	47	11	53	1.74275	0.28498	1.00000	False	REACTOME_BMAL1_CLOCK_NPAS2_ACTIVATES_CIRCADIAN_EXPRESSION
38	15	11	18	46	12	52	1.69565	0.29680	1.00000	False	REACTOME_SIGNALING_BY_FGFR1_IN_DISEASE
44	10	6	11	53	6	58	2.00629	0.29753	1.00000	False	REACTOME_DEGRADATION_OF_DVL
15	8	5	11	53	6	58	2.00629	0.29753	1.00000	False	REACTOME_YAP1_AND_WWTR1_TAZ_STIMULATED_GENE_EXPRESSION
42	11	6	11	53	6	58	2.00629	0.29753	1.00000	False	REACTOME_SCF_BETA_TRCP_MEDIATED_DEGRADATION_OF_EMI1
46	12	6	11	53	6	58	2.00629	0.29753	1.00000	False	REACTOME_METABOLISM_OF_POLYAMINES
31	12	14	13	51	19	45	0.60372	0.30745	1.00000	False	REACTOME_MAPK_TARGETS_NUCLEAR_EVENTS_MEDIATED_BY_MAP_KINASES
27	18	12	19	45	13	51	1.65641	0.30745	1.00000	False	REACTOME_EFFECTS_OF_PIP2_HYDROLYSIS
44	17	15	19	45	13	51	1.65641	0.30745	1.00000	False	REACTOME_ELASTIC_FIBRE_FORMATION
21	10	10	20	44	14	50	1.62338	0.31705	1.00000	False	REACTOME_NEGATIVE_REGULATION_OF_NMDA_RECEPTOR_MEDIATED_NEURONAL_TRANSMISSION
26	10	7	12	52	7	57	1.87912	0.32017	1.00000	False	REACTOME_POLYMERASE_SWITCHING_ON_THE_C_STRAND_OF_THE_TELOMERE
21	8	7	12	52	7	57	1.87912	0.32017	1.00000	False	REACTOME_ER_QUALITY_CONTROL_COMPARTMENT_ERQC
41	16	17	15	49	21	43	0.62682	0.32569	1.00000	False	REACTOME_MATURATION_OF_SARS_COV_2_SPIKE_PROTEIN
48	12	19	16	48	22	42	0.63636	0.33346	1.00000	False	REACTOME_G_ALPHA_Z_SIGNALLING_EVENTS
28	12	11	22	42	16	48	1.57143	0.33346	1.00000	False	REACTOME_CREB1_PHOSPHORYLATION_THROUGH_NMDA_RECEPTOR_MEDIATED_ACTIVATION_OF_RAS_SIGNALING
25	12	8	13	51	8	56	1.78431	0.33997	1.00000	False	REACTOME_FORMATION_OF_NEURONAL_PROGENITOR_AND_NEURONAL_BAF_NPBAF_AND_NBAF
34	11	8	13	51	8	56	1.78431	0.33997	1.00000	False	REACTOME_TELOMERE_C_STRAND_LAGGING_STRAND_SYNTHESIS
32	10	7	13	51	8	56	1.78431	0.33997	1.00000	False	REACTOME_RIPK1_MEDIATED_REGULATED_NECROSIS
48	13	7	13	51	8	56	1.78431	0.33997	1.00000	False	REACTOME_DEGRADATION_OF_CRY_AND_PER_PROTEINS
23	11	7	13	51	8	56	1.78431	0.33997	1.00000	False	REACTOME_RESPIRATORY_SYNCYTIAL_VIRUS_RSV_ATTACHMENT_AND_ENTRY
41	17	19	23	41	17	47	1.55093	0.34043	1.00000	False	REACTOME_DAG_AND_IP3_SIGNALING
23	10	9	14	50	9	55	1.71111	0.35739	1.00000	False	REACTOME_PI_3K_CASCADE_FGFR2
20	8	9	14	50	9	55	1.71111	0.35739	1.00000	False	REACTOME_PKA_MEDIATED_PHOSPHORYLATION_OF_CREB
26	11	9	15	49	10	54	1.65306	0.37279	1.00000	False	REACTOME_CALNEXIN_CALRETICULIN_CYCLE
16	9	6	16	48	11	53	1.60606	0.38646	1.00000	False	REACTOME_RAP1_SIGNALLING
33	13	8	16	48	11	53	1.60606	0.38646	1.00000	False	REACTOME_M_DECAY_DEGRADATION_OF_MATERNAL_MRNAS_BY_MATERNALLY_STORED_FACTORS
35	14	9	16	48	11	53	1.60606	0.38646	1.00000	False	REACTOME_RHOBTB_GTPASE_CYCLE
31	14	10	16	48	11	53	1.60606	0.38646	1.00000	False	REACTOME_ATP_DEPENDENT_CHROMATIN_REMODELERS
37	11	12	12	52	17	47	0.63801	0.39863	1.00000	False	REACTOME_RHOV_GTPASE_CYCLE
19	9	10	13	51	18	46	0.65142	0.40951	1.00000	False	REACTOME_SIGNALING_BY_FLT3_FUSION_PROTEINS
42	17	13	18	46	13	51	1.53512	0.40951	1.00000	False	REACTOME_REGULATION_OF_BETA_CELL_DEVELOPMENT
34	17	12	19	45	14	50	1.50794	0.41923	1.00000	False	REACTOME_TRANSCRIPTIONAL_REGULATION_BY_E2F6
15	8	5	10	54	6	58	1.79012	0.42354	1.00000	False	REACTOME_SIGNALING_BY_CTNNB1_PHOSPHO_SITE_MUTANTS
17	8	5	10	54	6	58	1.79012	0.42354	1.00000	False	REACTOME_BETA_CATENIN_PHOSPHORYLATION_CASCADE
44	10	6	10	54	6	58	1.79012	0.42354	1.00000	False	REACTOME_NEGATIVE_REGULATION_OF_NOTCH4_SIGNALING
19	9	5	10	54	6	58	1.79012	0.42354	1.00000	False	REACTOME_FORMATION_OF_THE_EMBRYONIC_STEM_CELL_BAF_ESBAF_COMPLEX
18	8	5	10	54	6	58	1.79012	0.42354	1.00000	False	REACTOME_SIGNALING_BY_CYTOSOLIC_FGFR1_FUSION_MUTANTS
32	9	7	10	54	6	58	1.79012	0.42354	1.00000	False	REACTOME_TERMINATION_OF_TRANSLESION_DNA_SYNTHESIS
36	9	6	10	54	6	58	1.79012	0.42354	1.00000	False	REACTOME_ROS_AND_RNS_PRODUCTION_IN_PHAGOCYTES
32	14	15	15	49	20	44	0.67347	0.42792	1.00000	False	REACTOME_REGULATION_OF_EXPRESSION_AND_FUNCTION_OF_TYPE_II_CLASSICAL_CADHERINS
37	10	16	15	49	20	44	0.67347	0.42792	1.00000	False	REACTOME_NR1H3_NR1H2_REGULATE_GENE_EXPRESSION_LINKED_TO_CHOLESTEROL_TRANSPORT_AND_EFFLUX
28	11	12	15	49	20	44	0.67347	0.42792	1.00000	False	REACTOME_FLT3_SIGNALING_IN_DISEASE
49	14	14	15	49	20	44	0.67347	0.42792	1.00000	False	REACTOME_RECYCLING_PATHWAY_OF_L1
31	14	10	20	44	15	49	1.48485	0.42792	1.00000	False	REACTOME_SIGNALING_BY_CSF1_M_CSF_IN_MYELOID_CELLS
48	17	18	15	49	20	44	0.67347	0.42792	1.00000	False	REACTOME_CO_STIMULATION_BY_CD28
20	10	10	20	44	15	49	1.48485	0.42792	1.00000	False	REACTOME_RAS_ACTIVATION_UPON_CA2_INFLUX_THROUGH_NMDA_RECEPTOR
35	10	12	21	43	16	48	1.46512	0.43570	1.00000	False	REACTOME_ONCOGENE_INDUCED_SENESCENCE
37	14	16	21	43	16	48	1.46512	0.43570	1.00000	False	REACTOME_CA_DEPENDENT_EVENTS
31	14	14	22	42	17	47	1.44818	0.44265	1.00000	False	REACTOME_DOWNSTREAM_SIGNALING_OF_ACTIVATED_FGFR1
37	21	14	22	42	17	47	1.44818	0.44265	1.00000	False	REACTOME_RUNX1_INTERACTS_WITH_CO_FACTORS_WHOSE_PRECISE_EFFECT_ON_RUNX1_TARGETS_IS_NOT_KNOWN
41	13	6	11	53	7	57	1.69003	0.44641	1.00000	False	REACTOME_SARS_COV_1_ACTIVATES_MODULATES_INNATE_IMMUNE_RESPONSES
17	11	6	11	53	7	57	1.69003	0.44641	1.00000	False	REACTOME_SPECIFICATION_OF_THE_NEURAL_PLATE_BORDER
33	11	8	11	53	7	57	1.69003	0.44641	1.00000	False	REACTOME_HIV_ELONGATION_ARREST_AND_RECOVERY
39	11	9	11	53	7	57	1.69003	0.44641	1.00000	False	REACTOME_TRANSLESION_SYNTHESIS_BY_Y_FAMILY_DNA_POLYMERASES_BYPASSES_LESIONS_ON_DNA_TEMPLATE
43	17	18	24	40	19	45	1.42105	0.45435	1.00000	False	REACTOME_VOLTAGE_GATED_POTASSIUM_CHANNELS
47	20	19	25	39	20	44	1.41026	0.45921	1.00000	False	REACTOME_TGF_BETA_RECEPTOR_SIGNALING_ACTIVATES_SMADS
35	19	18	25	39	20	44	1.41026	0.45921	1.00000	False	REACTOME_EXPRESSION_OF_BMAL_ARNTL_CLOCK_AND_NPAS2
42	21	15	26	38	21	43	1.40100	0.46348	1.00000	False	REACTOME_FORMATION_OF_WDR5_CONTAINING_HISTONE_MODIFYING_COMPLEXES
22	8	6	12	52	8	56	1.61538	0.46595	1.00000	False	REACTOME_JNK_C_JUN_KINASES_PHOSPHORYLATION_AND_ACTIVATION_MEDIATED_BY_ACTIVATED_HUMAN_TAK1
23	8	5	12	52	8	56	1.61538	0.46595	1.00000	False	REACTOME_IKK_COMPLEX_RECRUITMENT_MEDIATED_BY_RIP1
23	10	6	12	52	8	56	1.61538	0.46595	1.00000	False	REACTOME_ACTIVATED_TAK1_MEDIATES_P38_MAPK_ACTIVATION
12	8	5	12	52	8	56	1.61538	0.46595	1.00000	False	REACTOME_ERYTHROPOIETIN_ACTIVATES_PHOSPHOINOSITIDE_3_KINASE_PI3K
46	13	7	12	52	8	56	1.61538	0.46595	1.00000	False	REACTOME_SPOP_MEDIATED_PROTEASOMAL_DEGRADATION_OF_PD_L1_CD274
48	25	19	23	41	28	36	0.72125	0.47038	1.00000	False	REACTOME_DEVELOPMENTAL_LINEAGE_OF_PANCREATIC_DUCTAL_CELLS
35	12	9	13	51	9	55	1.55773	0.48283	1.00000	False	REACTOME_INWARDLY_RECTIFYING_K_CHANNELS
17	7	8	14	50	10	54	1.51200	0.49752	1.00000	False	REACTOME_ACETYLCHOLINE_NEUROTRANSMITTER_RELEASE_CYCLE
26	6	9	10	54	14	50	0.66138	0.49752	1.00000	False	REACTOME_DECTIN_2_FAMILY
49	14	9	14	50	10	54	1.51200	0.49752	1.00000	False	REACTOME_DECTIN_1_MEDIATED_NONCANONICAL_NF_KB_SIGNALING
46	11	13	14	50	10	54	1.51200	0.49752	1.00000	False	REACTOME_CARBOXYTERMINAL_POST_TRANSLATIONAL_MODIFICATIONS_OF_TUBULIN
22	9	9	10	54	14	50	0.66138	0.49752	1.00000	False	REACTOME_ERK_MAPK_TARGETS
25	6	9	14	50	10	54	1.51200	0.49752	1.00000	False	REACTOME_INSULIN_PROCESSING
29	11	7	14	50	10	54	1.51200	0.49752	1.00000	False	REACTOME_GLYCOSAMINOGLYCAN_PROTEIN_LINKAGE_REGION_BIOSYNTHESIS
26	8	12	11	53	15	49	0.67799	0.51041	1.00000	False	REACTOME_N_GLYCAN_ANTENNAE_ELONGATION_IN_THE_MEDIAL_TRANS_GOLGI
45	13	15	12	52	16	48	0.69231	0.52176	1.00000	False	REACTOME_GPER1_SIGNALING
18	8	12	12	52	16	48	0.69231	0.52176	1.00000	False	REACTOME_TIE2_SIGNALING
30	12	10	16	48	12	52	1.44444	0.52176	1.00000	False	REACTOME_ACTIVATION_OF_KAINATE_RECEPTORS_UPON_GLUTAMATE_BINDING
27	10	11	12	52	16	48	0.69231	0.52176	1.00000	False	REACTOME_CD28_DEPENDENT_PI3K_AKT_SIGNALING
29	7	14	13	51	17	47	0.70473	0.53180	1.00000	False	REACTOME_EPHA_MEDIATED_GROWTH_CONE_COLLAPSE
30	13	12	17	47	13	51	1.41899	0.53180	1.00000	False	REACTOME_DOWNSTREAM_SIGNALING_OF_ACTIVATED_FGFR2
42	21	15	18	46	14	50	1.39752	0.54072	1.00000	False	REACTOME_REGULATION_OF_MITF_M_DEPENDENT_GENES_INVOLVED_IN_PIGMENTATION
43	15	13	18	46	14	50	1.39752	0.54072	1.00000	False	REACTOME_SIGNALING_BY_FGFR2_IN_DISEASE
50	12	14	14	50	18	46	0.71556	0.54072	1.00000	False	REACTOME_HDMS_DEMETHYLATE_HISTONES
42	16	11	18	46	14	50	1.39752	0.54072	1.00000	False	REACTOME_RND3_GTPASE_CYCLE
40	14	14	15	49	19	45	0.72503	0.54865	1.00000	False	REACTOME_RHOU_GTPASE_CYCLE
27	11	10	16	48	20	44	0.73333	0.55571	1.00000	False	REACTOME_RESOLUTION_OF_D_LOOP_STRUCTURES_THROUGH_SYNTHESIS_DEPENDENT_STRAND_ANNEALING_SDSA
47	14	14	16	48	20	44	0.73333	0.55571	1.00000	False	REACTOME_INTERLEUKIN_12_SIGNALING
43	16	17	16	48	20	44	0.73333	0.55571	1.00000	False	REACTOME_SIGNALING_BY_SCF_KIT
37	14	12	17	47	21	43	0.74063	0.56199	1.00000	False	REACTOME_RESOLUTION_OF_D_LOOP_STRUCTURES
23	13	10	17	47	21	43	0.74063	0.56199	1.00000	False	REACTOME_NEPHRIN_FAMILY_INTERACTIONS
48	17	14	18	46	22	42	0.74704	0.56758	1.00000	False	REACTOME_INTERLEUKIN_3_INTERLEUKIN_5_AND_GM_CSF_SIGNALING
31	13	14	24	40	20	44	1.32000	0.57691	1.00000	False	REACTOME_TURBULENT_OSCILLATORY_DISTURBED_FLOW_SHEAR_STRESS_ACTIVATES_SIGNALING_BY_PIEZO1_AND_INTEGRINS_IN_ENDOTHELIAL_CELLS
22	12	13	20	44	24	40	0.75758	0.57691	1.00000	False	REACTOME_NITRIC_OXIDE_STIMULATES_GUANYLATE_CYCLASE
44	16	16	24	40	20	44	1.32000	0.57691	1.00000	False	REACTOME_ASSEMBLY_AND_CELL_SURFACE_PRESENTATION_OF_NMDA_RECEPTORS
48	21	20	25	39	21	43	1.31258	0.58076	1.00000	False	REACTOME_HEME_SIGNALING
20	10	6	10	54	7	57	1.50794	0.60356	1.00000	False	REACTOME_NOTCH4_INTRACELLULAR_DOMAIN_REGULATES_TRANSCRIPTION
25	8	5	10	54	7	57	1.50794	0.60356	1.00000	False	REACTOME_MICRORNA_MIRNA_BIOGENESIS
17	7	5	10	54	7	57	1.50794	0.60356	1.00000	False	REACTOME_FORMATION_OF_DEFINITIVE_ENDODERM
33	9	7	10	54	7	57	1.50794	0.60356	1.00000	False	REACTOME_FORMATION_OF_THE_EARLY_ELONGATION_COMPLEX
41	9	8	10	54	7	57	1.50794	0.60356	1.00000	False	REACTOME_DUAL_INCISION_IN_GG_NER
19	6	4	10	54	7	57	1.50794	0.60356	1.00000	False	REACTOME_GABA_SYNTHESIS_RELEASE_REUPTAKE_AND_DEGRADATION
17	8	6	10	54	7	57	1.50794	0.60356	1.00000	False	REACTOME_GAB1_SIGNALOSOME
23	8	6	11	53	8	56	1.45283	0.61999	1.00000	False	REACTOME_RHOBTB2_GTPASE_CYCLE
10	6	6	11	53	8	56	1.45283	0.61999	1.00000	False	REACTOME_IONOTROPIC_ACTIVITY_OF_KAINATE_RECEPTORS
48	10	8	11	53	8	56	1.45283	0.61999	1.00000	False	REACTOME_HIV_TRANSCRIPTION_INITIATION
33	9	9	12	52	9	55	1.41026	0.63393	1.00000	False	REACTOME_CARGO_CONCENTRATION_IN_THE_ER
37	9	8	12	52	9	55	1.41026	0.63393	1.00000	False	REACTOME_SPHINGOLIPID_DE_NOVO_BIOSYNTHESIS
42	12	7	12	52	9	55	1.41026	0.63393	1.00000	False	REACTOME_FBXL7_DOWN_REGULATES_AURKA_DURING_MITOTIC_ENTRY_AND_IN_EARLY_MITOSIS
25	10	9	13	51	10	54	1.37647	0.64591	1.00000	False	REACTOME_FRS_MEDIATED_FGFR2_SIGNALING
37	12	11	10	54	13	51	0.72650	0.64591	1.00000	False	REACTOME_INTERACTIONS_OF_VPR_WITH_HOST_CELLULAR_PROTEINS
15	6	10	11	53	14	50	0.74124	0.65628	1.00000	False	REACTOME_ANCHORING_FIBRIL_FORMATION
34	12	11	11	53	14	50	0.74124	0.65628	1.00000	False	REACTOME_RAF_ACTIVATION
34	8	11	11	53	14	50	0.74124	0.65628	1.00000	False	REACTOME_METABOLIC_DISORDERS_OF_BIOLOGICAL_OXIDATION_ENZYMES
21	6	6	14	50	11	53	1.34909	0.65628	1.00000	False	REACTOME_FORMATION_OF_THE_URETERIC_BUD
33	10	14	11	53	14	50	0.74124	0.65628	1.00000	False	REACTOME_SIALIC_ACID_METABOLISM
40	8	9	11	53	14	50	0.74124	0.65628	1.00000	False	REACTOME_DIFFERENTIATION_OF_KERATINOCYTES_IN_INTERFOLLICULAR_EPIDERMIS_IN_MAMMALIAN_SKIN
47	11	10	15	49	12	52	1.32653	0.66534	1.00000	False	REACTOME_SENSORY_PERCEPTION_OF_TASTE
30	11	11	15	49	12	52	1.32653	0.66534	1.00000	False	REACTOME_SIGNALING_BY_ALK
39	11	12	13	51	16	48	0.76471	0.67329	1.00000	False	REACTOME_PLATELET_AGGREGATION_PLUG_FORMATION
18	10	8	16	48	13	51	1.30769	0.67329	1.00000	False	REACTOME_MECP2_REGULATES_NEURONAL_RECEPTORS_AND_CHANNELS
10	6	7	16	48	13	51	1.30769	0.67329	1.00000	False	REACTOME_PI3K_EVENTS_IN_ERBB4_SIGNALING
41	13	14	13	51	16	48	0.76471	0.67329	1.00000	False	REACTOME_RNA_POLYMERASE_III_TRANSCRIPTION
37	9	14	13	51	16	48	0.76471	0.67329	1.00000	False	REACTOME_SLC_MEDIATED_TRANSPORT_OF_AMINO_ACIDS
47	18	12	16	48	13	51	1.30769	0.67329	1.00000	False	REACTOME_SUMOYLATION_OF_RNA_BINDING_PROTEINS
46	14	16	13	51	16	48	0.76471	0.67329	1.00000	False	REACTOME_SUMOYLATION_OF_DNA_REPLICATION_PROTEINS
29	11	15	13	51	16	48	0.76471	0.67329	1.00000	False	REACTOME_TRANSLATION_OF_SARS_COV_1_STRUCTURAL_PROTEINS
47	12	11	16	48	13	51	1.30769	0.67329	1.00000	False	REACTOME_CYCLIN_D_ASSOCIATED_EVENTS_IN_G1
43	14	15	13	51	16	48	0.76471	0.67329	1.00000	False	REACTOME_ADORA2B_MEDIATED_ANTI_INFLAMMATORY_CYTOKINES_PRODUCTION
40	12	11	14	50	17	47	0.77412	0.68031	1.00000	False	REACTOME_DEVELOPMENTAL_LINEAGES_OF_THE_MAMMARY_GLAND
38	13	14	14	50	17	47	0.77412	0.68031	1.00000	False	REACTOME_SLC_MEDIATED_TRANSPORT_OF_ORGANIC_ANIONS
14	6	7	14	50	17	47	0.77412	0.68031	1.00000	False	REACTOME_SHC1_EVENTS_IN_ERBB4_SIGNALING
28	11	13	14	50	17	47	0.77412	0.68031	1.00000	False	REACTOME_NOTCH_HLH_TRANSCRIPTION_PATHWAY
25	12	9	18	46	15	49	1.27826	0.68651	1.00000	False	REACTOME_SIGNALING_BY_ERYTHROPOIETIN
16	8	8	15	49	18	46	0.78231	0.68651	1.00000	False	REACTOME_GRB2_EVENTS_IN_ERBB2_SIGNALING
25	11	11	18	46	15	49	1.27826	0.68651	1.00000	False	REACTOME_SIGNALING_BY_NTRK2_TRKB
49	20	18	16	48	19	45	0.78947	0.69201	1.00000	False	REACTOME_SIGNALING_BY_NOTCH3
22	10	10	17	47	20	44	0.79574	0.69689	1.00000	False	REACTOME_SHC1_EVENTS_IN_ERBB2_SIGNALING
28	11	14	17	47	20	44	0.79574	0.69689	1.00000	False	REACTOME_TGFBR3_EXPRESSION
43	12	14	18	46	21	43	0.80124	0.70122	1.00000	False	REACTOME_HOMOLOGOUS_DNA_PAIRING_AND_STRAND_EXCHANGE
42	18	15	21	43	18	46	1.24806	0.70122	1.00000	False	REACTOME_NCAM1_INTERACTIONS
16	9	11	19	45	22	42	0.80606	0.70506	1.00000	False	REACTOME_CGMP_EFFECTS
48	20	19	21	43	24	40	0.81395	0.71143	1.00000	False	REACTOME_NOTCH1_INTRACELLULAR_DOMAIN_REGULATES_TRANSCRIPTION
31	18	16	21	43	24	40	0.81395	0.71143	1.00000	False	REACTOME_INTERACTION_BETWEEN_L1_AND_ANKYRINS
44	22	20	21	43	24	40	0.81395	0.71143	1.00000	False	REACTOME_COLLAGEN_CHAIN_TRIMERIZATION
33	10	8	10	54	8	56	1.29630	0.79999	1.00000	False	REACTOME_FGFR2_MUTANT_RECEPTOR_ACTIVATION
23	6	7	10	54	8	56	1.29630	0.79999	1.00000	False	REACTOME_SYNTHESIS_OF_BILE_ACIDS_AND_BILE_SALTS_VIA_7ALPHA_HYDROXYCHOLESTEROL
26	7	8	10	54	8	56	1.29630	0.79999	1.00000	False	REACTOME_WNT_LIGAND_BIOGENESIS_AND_TRAFFICKING
20	6	8	10	54	8	56	1.29630	0.79999	1.00000	False	REACTOME_SEMA4D_INDUCED_CELL_MIGRATION_AND_GROWTH_CONE_COLLAPSE
45	10	8	10	54	8	56	1.29630	0.79999	1.00000	False	REACTOME_SOMITOGENESIS
45	11	7	10	54	8	56	1.29630	0.79999	1.00000	False	REACTOME_REGULATION_OF_RUNX3_EXPRESSION_AND_ACTIVITY
38	8	6	10	54	8	56	1.29630	0.79999	1.00000	False	REACTOME_TRIGLYCERIDE_METABOLISM
21	9	8	11	53	9	55	1.26834	0.80825	1.00000	False	REACTOME_CELLULAR_HEXOSE_TRANSPORT
24	8	9	11	53	9	55	1.26834	0.80825	1.00000	False	REACTOME_ESTROGEN_DEPENDENT_NUCLEAR_EVENTS_DOWNSTREAM_OF_ESR_MEMBRANE_SIGNALING
43	11	10	11	53	9	55	1.26834	0.80825	1.00000	False	REACTOME_HIV_TRANSCRIPTION_ELONGATION
12	8	7	11	53	9	55	1.26834	0.80825	1.00000	False	REACTOME_POSITIVE_REGULATION_OF_CDH1_GENE_TRANSCRIPTION
26	9	10	11	53	9	55	1.26834	0.80825	1.00000	False	REACTOME_PURINERGIC_SIGNALING_IN_LEISHMANIASIS_INFECTION
10	7	4	11	53	9	55	1.26834	0.80825	1.00000	False	REACTOME_REGULATION_OF_CDH11_MRNA_TRANSLATION_BY_MICRORNAS
24	7	9	11	53	9	55	1.26834	0.80825	1.00000	False	REACTOME_SEMA4D_IN_SEMAPHORIN_SIGNALING
34	10	9	10	54	12	52	0.80247	0.81526	1.00000	False	REACTOME_SIGNALLING_TO_ERKS
21	9	9	12	52	10	54	1.24615	0.81526	1.00000	False	REACTOME_PI_3K_CASCADE_FGFR1
22	9	8	10	54	12	52	0.80247	0.81526	1.00000	False	REACTOME_PHOSPHORYLATED_BMAL1_CLOCK_ARNTL_CLOCK_ACTIVATES_EXPRESSION_OF_CORE_CLOCK_GENES
41	9	8	10	54	12	52	0.80247	0.81526	1.00000	False	REACTOME_MTOR_SIGNALLING
19	8	5	12	52	10	54	1.24615	0.81526	1.00000	False	REACTOME_REGULATION_OF_MITF_M_DEPENDENT_GENES_INVOLVED_IN_APOPTOSIS
20	10	7	12	52	10	54	1.24615	0.81526	1.00000	False	REACTOME_SIGNALING_BY_KIT_IN_DISEASE
33	9	10	10	54	12	52	0.80247	0.81526	1.00000	False	REACTOME_NEGATIVE_REGULATION_OF_FGFR1_SIGNALING
31	11	11	10	54	12	52	0.80247	0.81526	1.00000	False	REACTOME_ACTIVATED_NOTCH1_TRANSMITS_SIGNAL_TO_THE_NUCLEUS
37	8	9	11	53	13	51	0.81422	0.82127	1.00000	False	REACTOME_HDR_THROUGH_SINGLE_STRAND_ANNEALING_SSA
18	7	8	13	51	11	53	1.22816	0.82127	1.00000	False	REACTOME_NOREPINEPHRINE_NEUROTRANSMITTER_RELEASE_CYCLE
43	9	9	11	53	13	51	0.81422	0.82127	1.00000	False	REACTOME_NEGATIVE_REGULATION_OF_MAPK_PATHWAY
37	12	13	13	51	11	53	1.22816	0.82127	1.00000	False	REACTOME_RHOH_GTPASE_CYCLE
30	7	11	11	53	13	51	0.81422	0.82127	1.00000	False	REACTOME_TIGHT_JUNCTION_INTERACTIONS
16	6	8	11	53	13	51	0.81422	0.82127	1.00000	False	REACTOME_DEFECTIVE_GALNT3_CAUSES_HFTC
48	14	12	13	51	11	53	1.22816	0.82127	1.00000	False	REACTOME_DNA_DAMAGE_BYPASS
28	14	12	13	51	11	53	1.22816	0.82127	1.00000	False	REACTOME_PLATELET_CALCIUM_HOMEOSTASIS
17	10	8	14	50	12	52	1.21333	0.82647	1.00000	False	REACTOME_REGULATION_OF_RUNX1_EXPRESSION_AND_ACTIVITY
36	13	11	14	50	12	52	1.21333	0.82647	1.00000	False	REACTOME_RHO_GTPASES_ACTIVATE_WASPS_AND_WAVES
44	16	10	15	49	13	51	1.20094	0.83101	1.00000	False	REACTOME_DENGUE_VIRUS_ATTACHMENT_AND_ENTRY
34	19	11	15	49	13	51	1.20094	0.83101	1.00000	False	REACTOME_TRANSCRIPTIONAL_REGULATION_BY_NPAS4
29	13	12	13	51	15	49	0.83268	0.83101	1.00000	False	REACTOME_MISCELLANEOUS_TRANSPORT_AND_BINDING_EVENTS
36	10	11	13	51	15	49	0.83268	0.83101	1.00000	False	REACTOME_INTERLEUKIN_7_SIGNALING
30	10	11	15	49	13	51	1.20094	0.83101	1.00000	False	REACTOME_FOXO_MEDIATED_TRANSCRIPTION_OF_OXIDATIVE_STRESS_METABOLIC_AND_NEURONAL_GENES
32	13	12	14	50	16	48	0.84000	0.83500	1.00000	False	REACTOME_REGULATION_OF_MECP2_EXPRESSION_AND_ACTIVITY
38	11	12	14	50	16	48	0.84000	0.83500	1.00000	False	REACTOME_GENE_AND_PROTEIN_EXPRESSION_BY_JAK_STAT_SIGNALING_AFTER_INTERLEUKIN_12_STIMULATION
15	8	7	16	48	14	50	1.19048	0.83500	1.00000	False	REACTOME_ERBB2_REGULATES_CELL_MOTILITY
33	13	12	16	48	14	50	1.19048	0.83500	1.00000	False	REACTOME_HS_GAG_BIOSYNTHESIS
25	13	12	16	48	14	50	1.19048	0.83500	1.00000	False	REACTOME_RORA_B_C_AND_NR1D1_REV_ERBA_REGULATE_GENE_EXPRESSION
42	13	11	15	49	17	47	0.84634	0.83850	1.00000	False	REACTOME_AMINE_LIGAND_BINDING_RECEPTORS
40	13	17	17	47	15	49	1.18156	0.83850	1.00000	False	REACTOME_RET_SIGNALING
24	9	11	17	47	15	49	1.18156	0.83850	1.00000	False	REACTOME_GLUTAMATE_NEUROTRANSMITTER_RELEASE_CYCLE
47	13	15	15	49	17	47	0.84634	0.83850	1.00000	False	REACTOME_RNA_POLYMERASE_I_TRANSCRIPTION_INITIATION
16	9	9	17	47	15	49	1.18156	0.83850	1.00000	False	REACTOME_PI3K_EVENTS_IN_ERBB2_SIGNALING
29	13	11	16	48	18	46	0.85185	0.84160	1.00000	False	REACTOME_DAP12_SIGNALING
43	14	12	16	48	18	46	0.85185	0.84160	1.00000	False	REACTOME_RND2_GTPASE_CYCLE
44	16	13	18	46	20	44	0.86087	0.84678	1.00000	False	REACTOME_DAP12_INTERACTIONS
30	11	13	20	44	18	46	1.16162	0.84678	1.00000	False	REACTOME_REGULATION_OF_TP53_ACTIVITY_THROUGH_ACETYLATION
30	17	15	19	45	21	43	0.86455	0.84893	1.00000	False	REACTOME_MET_ACTIVATES_PTK2_SIGNALING
32	18	16	19	45	21	43	0.86455	0.84893	1.00000	False	REACTOME_PHASE_0_RAPID_DEPOLARISATION
44	13	14	23	41	21	43	1.14866	0.85251	1.00000	False	REACTOME_TAK1_DEPENDENT_IKK_AND_NF_KAPPA_B_ACTIVATION
36	16	16	21	43	23	41	0.87058	0.85251	1.00000	False	REACTOME_FORMATION_OF_THE_DYSTROPHIN_GLYCOPROTEIN_COMPLEX_DGC
41	21	17	22	42	24	40	0.87302	0.85398	1.00000	False	REACTOME_MET_PROMOTES_CELL_MOTILITY
50	19	18	25	39	23	41	1.14270	0.85525	1.00000	False	REACTOME_SIGNALING_BY_ERBB2
27	10	10	13	51	14	50	0.91036	1.00000	1.00000	False	REACTOME_INTEGRIN_SIGNALING
32	10	10	10	54	11	53	0.89226	1.00000	1.00000	False	REACTOME_REGULATION_OF_GLUCOKINASE_BY_GLUCOKINASE_REGULATORY_PROTEIN
14	6	5	10	54	9	55	1.13169	1.00000	1.00000	False	REACTOME_REGULATION_OF_PD_L1_CD274_TRANSLATION
9	6	4	10	54	9	55	1.13169	1.00000	1.00000	False	REACTOME_REGULATION_OF_NPAS4_MRNA_TRANSLATION
32	12	10	12	52	11	53	1.11189	1.00000	1.00000	False	REACTOME_REGULATION_OF_CDH1_POSTTRANSLATIONAL_PROCESSING_AND_TRAFFICKING_TO_PLASMA_MEMBRANE
43	12	12	11	53	12	52	0.89937	1.00000	1.00000	False	REACTOME_TRANSPORT_OF_MATURE_MRNAS_DERIVED_FROM_INTRONLESS_TRANSCRIPTS
37	12	11	12	52	11	53	1.11189	1.00000	1.00000	False	REACTOME_INTERACTIONS_OF_REV_WITH_HOST_CELLULAR_PROTEINS
15	7	6	11	53	12	52	0.89937	1.00000	1.00000	False	REACTOME_REGULATION_OF_CDH1_MRNA_TRANSLATION_BY_MICRORNAS
21	7	9	10	54	11	53	0.89226	1.00000	1.00000	False	REACTOME_RHO_GTPASES_ACTIVATE_PAKS
42	16	14	15	49	16	48	0.91837	1.00000	1.00000	False	REACTOME_GLUCAGON_LIKE_PEPTIDE_1_GLP1_REGULATES_INSULIN_SECRETION
23	9	9	11	53	11	53	1.00000	1.00000	1.00000	False	REACTOME_FRS_MEDIATED_FGFR1_SIGNALING
28	10	7	11	53	10	54	1.12075	1.00000	1.00000	False	REACTOME_RNA_POLYMERASE_III_TRANSCRIPTION_INITIATION_FROM_TYPE_3_PROMOTER
13	8	6	12	52	11	53	1.11189	1.00000	1.00000	False	REACTOME_REGULATION_OF_NPAS4_GENE_EXPRESSION
44	15	13	16	48	15	49	1.08889	1.00000	1.00000	False	REACTOME_INTRA_GOLGI_TRAFFIC
27	12	8	15	49	15	49	1.00000	1.00000	1.00000	False	REACTOME_INTERLEUKIN_RECEPTOR_SHC_SIGNALING
44	16	12	20	44	20	44	1.00000	1.00000	1.00000	False	REACTOME_INTERLEUKIN_2_FAMILY_SIGNALING
50	10	17	14	50	14	50	1.00000	1.00000	1.00000	False	REACTOME_IRE1ALPHA_ACTIVATES_CHAPERONES
44	18	14	15	49	14	50	1.09329	1.00000	1.00000	False	REACTOME_METAL_ION_SLC_TRANSPORTERS
48	15	14	15	49	15	49	1.00000	1.00000	1.00000	False	REACTOME_METABOLISM_OF_FAT_SOLUBLE_VITAMINS
7	6	4	10	54	9	55	1.13169	1.00000	1.00000	False	REACTOME_POST_TRANSCRIPTIONAL_SILENCING_BY_SMALL_RNAS
44	13	11	12	52	11	53	1.11189	1.00000	1.00000	False	REACTOME_VIRAL_MESSENGER_RNA_SYNTHESIS
36	12	11	14	50	14	50	1.00000	1.00000	1.00000	False	REACTOME_NOD1_2_SIGNALING_PATHWAY
25	14	9	14	50	14	50	1.00000	1.00000	1.00000	False	REACTOME_NOTCH3_INTRACELLULAR_DOMAIN_REGULATES_TRANSCRIPTION
29	11	9	10	54	9	55	1.13169	1.00000	1.00000	False	REACTOME_ANTIGEN_PRESENTATION_FOLDING_ASSEMBLY_AND_PEPTIDE_LOADING_OF_CLASS_I_MHC
19	8	9	11	53	10	54	1.12075	1.00000	1.00000	False	REACTOME_VEGFR2_MEDIATED_CELL_PROLIFERATION
29	9	8	13	51	13	51	1.00000	1.00000	1.00000	False	REACTOME_UPTAKE_AND_ACTIONS_OF_BACTERIAL_TOXINS
43	13	15	14	50	15	49	0.91467	1.00000	1.00000	False	REACTOME_VASOPRESSIN_REGULATES_RENAL_WATER_HOMEOSTASIS_VIA_AQUAPORINS
36	10	9	10	54	10	54	1.00000	1.00000	1.00000	False	REACTOME_TRANSPORT_OF_THE_SLBP_DEPENDANT_MATURE_MRNA
34	10	10	10	54	11	53	0.89226	1.00000	1.00000	False	REACTOME_NEGATIVE_REGULATION_OF_FGFR2_SIGNALING
39	19	13	25	39	24	40	1.06838	1.00000	1.00000	False	REACTOME_O_GLYCOSYLATION_OF_TSR_DOMAIN_CONTAINING_PROTEINS
15	7	6	11	53	10	54	1.12075	1.00000	1.00000	False	REACTOME_P130CAS_LINKAGE_TO_MAPK_SIGNALING_FOR_INTEGRINS
44	24	26	29	35	30	34	0.93905	1.00000	1.00000	False	REACTOME_NETRIN_1_SIGNALING
35	9	9	11	53	10	54	1.12075	1.00000	1.00000	False	REACTOME_NUCLEOTIDE_CATABOLISM
34	12	10	12	52	11	53	1.11189	1.00000	1.00000	False	REACTOME_NUCLEAR_IMPORT_OF_REV_PROTEIN
36	12	11	12	52	11	53	1.11189	1.00000	1.00000	False	REACTOME_NUCLEAR_PORE_COMPLEX_NPC_DISASSEMBLY
32	13	13	21	43	22	42	0.93235	1.00000	1.00000	False	REACTOME_NUCLEAR_SIGNALING_BY_ERBB4
43	13	12	12	52	13	51	0.90533	1.00000	1.00000	False	REACTOME_NS1_MEDIATED_EFFECTS_ON_HOST_PATHWAYS
25	6	8	11	53	11	53	1.00000	1.00000	1.00000	False	REACTOME_ENDOGENOUS_STEROLS
42	14	15	18	46	18	46	1.00000	1.00000	1.00000	False	REACTOME_EPHB_MEDIATED_FORWARD_SIGNALING
13	6	7	14	50	14	50	1.00000	1.00000	1.00000	False	REACTOME_ERBB2_ACTIVATES_PTK6_SIGNALING
33	10	11	10	54	11	53	0.89226	1.00000	1.00000	False	REACTOME_EXPORT_OF_VIRAL_RIBONUCLEOPROTEINS_FROM_NUCLEUS
26	13	13	20	44	21	43	0.93074	1.00000	1.00000	False	REACTOME_SIGNALING_BY_ERBB2_IN_CANCER
16	8	7	12	52	11	53	1.11189	1.00000	1.00000	False	REACTOME_SIGNALING_BY_ERBB2_ECD_MUTANTS
41	12	13	14	50	15	49	0.91467	1.00000	1.00000	False	REACTOME_SIGNALING_BY_FGFR4
40	13	12	16	48	16	48	1.00000	1.00000	1.00000	False	REACTOME_SIGNALING_BY_FGFR3
17	10	7	14	50	13	51	1.09846	1.00000	1.00000	False	REACTOME_SIGNALING_BY_NTRK3_TRKC
12	8	5	11	53	11	53	1.00000	1.00000	1.00000	False	REACTOME_SIGNALING_BY_PDGFRA_TRANSMEMBRANE_JUXTAMEMBRANE_AND_KINASE_DOMAIN_MUTANTS
38	14	13	18	46	17	47	1.08184	1.00000	1.00000	False	REACTOME_FLT3_SIGNALING
31	12	13	13	51	12	52	1.10458	1.00000	1.00000	False	REACTOME_SIGNALING_BY_BMP
25	9	8	11	53	12	52	0.89937	1.00000	1.00000	False	REACTOME_SIGNALING_BY_EGFR_IN_CANCER
21	8	8	10	54	10	54	1.00000	1.00000	1.00000	False	REACTOME_SHC_MEDIATED_CASCADE_FGFR1
18	7	9	14	50	15	49	0.91467	1.00000	1.00000	False	REACTOME_SEROTONIN_NEUROTRANSMITTER_RELEASE_CYCLE
20	14	8	16	48	15	49	1.08889	1.00000	1.00000	False	REACTOME_SIGNALING_BY_PDGFR_IN_DISEASE
35	15	13	16	48	16	48	1.00000	1.00000	1.00000	False	REACTOME_GPVI_MEDIATED_ACTIVATION_CASCADE
43	15	16	14	50	13	51	1.09846	1.00000	1.00000	False	REACTOME_GABA_B_RECEPTOR_ACTIVATION
33	10	11	10	54	11	53	0.89226	1.00000	1.00000	False	REACTOME_GLUCAGON_SIGNALING_IN_METABOLIC_REGULATION
32	11	10	11	53	12	52	0.89937	1.00000	1.00000	False	REACTOME_G_PROTEIN_BETA_GAMMA_SIGNALLING
30	10	8	10	54	9	55	1.13169	1.00000	1.00000	False	REACTOME_INSULIN_RECEPTOR_RECYCLING
48	20	17	28	36	28	36	1.00000	1.00000	1.00000	False	REACTOME_INOSITOL_PHOSPHATE_METABOLISM
22	8	7	11	53	10	54	1.12075	1.00000	1.00000	False	REACTOME_REGULATION_OF_SIGNALING_BY_CBL
41	14	16	17	47	18	46	0.92435	1.00000	1.00000	False	REACTOME_HEPARAN_SULFATE_HEPARIN_HS_GAG_METABOLISM
42	15	13	17	47	17	47	1.00000	1.00000	1.00000	False	REACTOME_RND1_GTPASE_CYCLE
31	10	9	11	53	11	53	1.00000	1.00000	1.00000	False	REACTOME_DOWNREGULATION_OF_SMAD2_3_SMAD4_TRANSCRIPTIONAL_ACTIVITY
26	11	11	16	48	15	49	1.08889	1.00000	1.00000	False	REACTOME_DOWNREGULATION_OF_TGF_BETA_RECEPTOR_SIGNALING
25	9	8	11	53	11	53	1.00000	1.00000	1.00000	False	REACTOME_DOWNSTREAM_SIGNALING_OF_ACTIVATED_FGFR3
29	10	10	18	46	17	47	1.08184	1.00000	1.00000	False	REACTOME_DOWNREGULATION_OF_ERBB2_SIGNALING
36	13	10	16	48	17	47	0.92157	1.00000	1.00000	False	REACTOME_STRIATED_MUSCLE_CONTRACTION
36	12	13	13	51	13	51	1.00000	1.00000	1.00000	False	REACTOME_SMAD2_SMAD3_SMAD4_HETEROTRIMER_REGULATES_TRANSCRIPTION
31	12	12	13	51	14	50	0.91036	1.00000	1.00000	False	REACTOME_EGFR_DOWNREGULATION
20	8	6	10	54	9	55	1.13169	1.00000	1.00000	False	REACTOME_DEFECTIVE_B4GALT7_CAUSES_EDS_PROGEROID_TYPE
27	12	9	14	50	13	51	1.09846	1.00000	1.00000	False	REACTOME_SYNDECAN_INTERACTIONS
39	12	12	12	52	13	51	0.90533	1.00000	1.00000	False	REACTOME_SUMOYLATION_OF_UBIQUITINYLATION_PROTEINS
35	11	10	11	53	11	53	1.00000	1.00000	1.00000	False	REACTOME_SUMOYLATION_OF_SUMOYLATION_PROTEINS
41	15	15	18	46	19	45	0.92677	1.00000	1.00000	False	REACTOME_DISEASES_ASSOCIATED_WITH_GLYCOSAMINOGLYCAN_METABOLISM
23	9	11	16	48	16	48	1.00000	1.00000	1.00000	False	REACTOME_DOPAMINE_NEUROTRANSMITTER_RELEASE_CYCLE
44	12	12	11	53	12	52	0.89937	1.00000	1.00000	False	REACTOME_TBC_RABGAPS
28	14	9	11	53	11	53	1.00000	1.00000	1.00000	False	REACTOME_SYNTHESIS_OF_PC
43	21	18	21	43	22	42	0.93235	1.00000	1.00000	False	REACTOME_SMOOTH_MUSCLE_CONTRACTION
49	16	20	23	41	22	42	1.07095	1.00000	1.00000	False	REACTOME_SIGNALING_BY_TGFBR3
29	13	11	16	48	16	48	1.00000	1.00000	1.00000	False	REACTOME_DOWNSTREAM_SIGNAL_TRANSDUCTION
27	9	10	11	53	12	52	0.89937	1.00000	1.00000	False	REACTOME_DOWNSTREAM_SIGNALING_OF_ACTIVATED_FGFR4
33	11	6	10	54	10	54	1.00000	1.00000	1.00000	False	REACTOME_TNFR1_INDUCED_NF_KAPPA_B_SIGNALING_PATHWAY
25	10	8	11	53	12	52	0.89937	1.00000	1.00000	False	REACTOME_DEADENYLATION_OF_MRNA
30	13	17	16	48	15	49	1.08889	1.00000	1.00000	False	REACTOME_TRANSCRIPTIONAL_REGULATION_OF_BROWN_AND_BEIGE_ADIPOCYTE_DIFFERENTIATION
38	16	14	18	46	18	46	1.00000	1.00000	1.00000	False	REACTOME_TRANSCRIPTIONAL_REGULATION_BY_THE_AP_2_TFAP2_FAMILY_OF_TRANSCRIPTION_FACTORS
15	8	7	11	53	11	53	1.00000	1.00000	1.00000	False	REACTOME_CONSTITUTIVE_SIGNALING_BY_EGFRVIII
26	7	8	11	53	10	54	1.12075	1.00000	1.00000	False	REACTOME_CONSTITUTIVE_SIGNALING_BY_AKT1_E17K_IN_CANCER
11	8	6	10	54	9	55	1.13169	1.00000	1.00000	False	REACTOME_CO_STIMULATION_BY_ICOS
19	8	7	11	53	11	53	1.00000	1.00000	1.00000	False	REACTOME_CONSTITUTIVE_SIGNALING_BY_LIGAND_RESPONSIVE_EGFR_CANCER_VARIANTS
