sample	donor	tissue	purity	ploidy	WGD	cohort	Missing_Files
PPCG0086a	PPCG0086	Metastasis	0.941	2.169	False	COMBI	.
PPCG0086c	PPCG0086	Metastasis	0.872	2.296	False	COMBI	.
PPCG0086d	PPCG0086	Metastasis	0.932	2.292	False	COMBI	.
PPCG0086e	PPCG0086	Primary	0.840	2.168	False	COMBI	.
PPCG0087a	PPCG0087	Metastasis	0.352	4.830	True	COMBI	.
PPCG0087c	PPCG0087	Primary	0.370	2.741	True	COMBI	.
PPCG0088a	PPCG0088	Metastasis	0.791	2.087	False	COMBI	.
PPCG0088c	PPCG0088	Metastasis	0.655	2.138	True	COMBI	.
PPCG0088d	PPCG0088	Metastasis	0.826	2.126	False	COMBI	.
PPCG0089a	PPCG0089	Metastasis	0.913	2.411	False	COMBI	.
PPCG0089c	PPCG0089	Metastasis	0.905	2.309	False	COMBI	.
PPCG0089d	PPCG0089	Metastasis	0.925	2.410	False	COMBI	.
PPCG0089e	PPCG0089	Metastasis	0.897	2.308	False	COMBI	.
PPCG0089f	PPCG0089	Metastasis	0.889	3.707	False	COMBI	.
PPCG0089g	PPCG0089	Metastasis	0.925	2.316	False	COMBI	.
PPCG0089h	PPCG0089	Metastasis	0.905	2.314	False	COMBI	.
PPCG0089i	PPCG0089	Metastasis	0.800	2.384	False	COMBI	.
PPCG0089j	PPCG0089	Metastasis	0.824	2.427	False	COMBI	.
PPCG0102a	PPCG0102	Metastasis	0.913	2.129	False	COMBI	.
PPCG0102c	PPCG0102	Metastasis	0.900	2.137	False	COMBI	.
PPCG0102d	PPCG0102	Metastasis	0.887	2.088	False	COMBI	.
PPCG0102e	PPCG0102	Metastasis	0.834	2.125	False	COMBI	.
PPCG0102f	PPCG0102	Metastasis	0.894	2.127	False	COMBI	.
PPCG0105a	PPCG0105	Metastasis	0.734	3.630	True	COMBI	.
PPCG0179a	PPCG0179	Metastasis	0.827	2.707	True	COMBI	.
PPCG0179c	PPCG0179	Primary	0.681	2.719	True	COMBI	.
PPCG0179d	PPCG0179	Metastasis	0.777	2.882	True	COMBI	.
PPCG0179e	PPCG0179	Metastasis	0.913	2.784	True	COMBI	.
PPCG0179f	PPCG0179	Metastasis	0.812	2.804	True	COMBI	.
PPCG0179g	PPCG0179	Metastasis	0.701	2.840	True	COMBI	.
PPCG0179h	PPCG0179	Metastasis	0.768	2.867	True	COMBI	.
PPCG0179i	PPCG0179	Metastasis	0.669	2.742	True	COMBI	.
PPCG0179j	PPCG0179	Metastasis	0.804	2.838	True	COMBI	INDEL
PPCG0179k	PPCG0179	Metastasis	0.820	2.754	True	COMBI	.
PPCG0180a	PPCG0180	Metastasis	0.915	3.766	False	COMBI	.
PPCG0180c	PPCG0180	Primary	0.676	1.913	False	COMBI	.
PPCG0180d	PPCG0180	Metastasis	0.790	3.514	True	COMBI	.
PPCG0180e	PPCG0180	Metastasis	0.789	3.599	True	COMBI	.
PPCG0180f	PPCG0180	Metastasis	0.775	3.544	True	COMBI	.
PPCG0181a	PPCG0181	Metastasis	0.838	3.664	True	COMBI	.
PPCG0181c	PPCG0181	Primary	0.926	3.464	True	COMBI	.
PPCG0181d	PPCG0181	Metastasis	0.898	3.742	True	COMBI	.
PPCG0181e	PPCG0181	Metastasis	0.866	3.842	True	COMBI	.
PPCG0181f	PPCG0181	Metastasis	0.952	3.710	True	COMBI	.
PPCG0182a	PPCG0182	Metastasis	0.765	2.032	False	COMBI	.
PPCG0182c	PPCG0182	Metastasis	0.814	2.070	False	COMBI	.
PPCG0182d	PPCG0182	Metastasis	0.857	2.042	False	COMBI	.
PPCG0182e	PPCG0182	Metastasis	0.877	2.050	False	COMBI	.
PPCG0183a	PPCG0183	Metastasis	0.807	2.045	False	COMBI	.
PPCG0183c	PPCG0183	Metastasis	0.842	2.030	False	COMBI	.
PPCG0183d	PPCG0183	Metastasis	0.863	2.019	False	COMBI	.
PPCG0183e	PPCG0183	Metastasis	0.869	1.971	False	COMBI	.
PPCG0243a	PPCG0243	Metastasis	0.716	1.946	False	COMBI	.
PPCG0244a	PPCG0244	Metastasis	0.770	3.715	True	COMBI	.
PPCG0245a	PPCG0245	Metastasis	0.650	1.963	False	COMBI	.
PPCG0246a	PPCG0246	Metastasis	0.758	1.912	False	COMBI	.
PPCG0247a	PPCG0247	Metastasis	0.636	2.031	False	COMBI	.
PPCG0248a	PPCG0248	Metastasis	0.532	1.859	False	COMBI	.
PPCG0249a	PPCG0249	Metastasis	0.349	3.609	True	COMBI	.
PPCG0250a	PPCG0250	Metastasis	0.627	3.863	True	COMBI	.
PPCG0251a	PPCG0251	Metastasis	0.656	3.709	True	COMBI	.
PPCG0387a	PPCG0387	Primary	0.771	1.994	False	COMBI	.
PPCG0387c	PPCG0387	Metastasis	0.802	2.011	False	COMBI	.
PPCG0388a	PPCG0388	Primary	0.281	1.950	False	COMBI	.
PPCG0388c	PPCG0388	Metastasis	0.859	3.078	True	COMBI	.
PPCG0388d	PPCG0388	Metastasis	0.171	3.752	True	COMBI	.
PPCG0388e	PPCG0388	Recurrence	0.813	2.930	True	COMBI	.
PPCG0389a	PPCG0389	Primary	0.725	1.985	False	COMBI	.
PPCG0389c	PPCG0389	Metastasis	0.209	1.976	False	COMBI	.
PPCG0390a	PPCG0390	Metastasis	0.526	2.098	False	COMBI	.
PPCG0390c	PPCG0390	Metastasis	0.518	2.037	False	COMBI	.
PPCG0391a	PPCG0391	Metastasis	0.661	3.727	True	COMBI	.
PPCG0392a	PPCG0392	Metastasis	0.677	2.987	True	COMBI	.
PPCG0393a	PPCG0393	Primary	0.650	1.743	False	COMBI	.
PPCG0393c	PPCG0393	Metastasis	0.752	2.773	True	COMBI	.
PPCG0394a	PPCG0394	Primary	0.314	2.096	False	COMBI	.
PPCG0394c	PPCG0394	Metastasis	0.740	2.052	False	COMBI	.
PPCG0395a	PPCG0395	Primary	0.545	2.051	False	COMBI	.
PPCG0395c	PPCG0395	Metastasis	0.350	2.018	False	COMBI	INDEL,SV
PPCG0396a	PPCG0396	Metastasis	0.388	3.281	True	COMBI	.
PPCG0397a	PPCG0397	Metastasis	0.410	3.382	True	COMBI	.
PPCG0398a	PPCG0398	Metastasis	0.430	1.811	False	COMBI	.
PPCG0399a	PPCG0399	Primary	0.557	2.020	False	COMBI	.
PPCG0399c	PPCG0399	Metastasis	0.953	2.035	False	COMBI	.
PPCG0399d	PPCG0399	Metastasis	0.950	2.027	False	COMBI	.
PPCG0400a	PPCG0400	Metastasis	0.552	3.979	True	COMBI	.
PPCG0403a	PPCG0403	Metastasis	0.950	2.001	False	COMBI	SV
PPCG0404a	PPCG0404	Primary	0.774	1.823	False	COMBI	.
PPCG0404d	PPCG0404	Metastasis	0.235	3.299	True	COMBI	.
PPCG0405a	PPCG0405	Primary	0.300	1.967	False	COMBI	.
PPCG0405c	PPCG0405	Metastasis	0.412	1.995	False	COMBI	.
PPCG0405d	PPCG0405	Metastasis	0.798	1.987	False	COMBI	.
PPCG0415a	PPCG0415	Primary	0.228	2.330	False	COMBI	.
PPCG0415c	PPCG0415	Metastasis	0.739	2.237	False	COMBI	.
PPCG0421a	PPCG0421	Primary	0.448	1.944	False	COMBI	.
PPCG0421c	PPCG0421	Metastasis	0.617	1.931	False	COMBI	.
PPCG0422a	PPCG0422	Metastasis	0.249	3.393	True	COMBI	.
PPCG0423a	PPCG0423	Primary	0.785	1.956	False	COMBI	.
PPCG0423c	PPCG0423	Metastasis	0.747	1.915	False	COMBI	.
PPCG0424a	PPCG0424	Primary	0.340	2.000	False	COMBI	SV
PPCG0424c	PPCG0424	Recurrence	0.360	2.015	False	COMBI	SV
PPCG0425a	PPCG0425	Metastasis	0.320	2.000	False	COMBI	SV
PPCG0425c	PPCG0425	Metastasis	0.290	1.863	False	COMBI	.
PPCG0427a	PPCG0427	Primary	0.250	2.000	False	COMBI	INDEL,SV
PPCG0427c	PPCG0427	Metastasis	0.581	2.124	False	COMBI	.
PPCG0427d	PPCG0427	Metastasis	0.265	2.266	False	COMBI	.
PPCG0428a	PPCG0428	Primary	0.478	3.778	True	COMBI	.
PPCG0428c	PPCG0428	Metastasis	0.310	4.000	True	COMBI	INDEL,SV
PPCG0428d	PPCG0428	Metastasis	0.320	2.000	False	COMBI	INDEL,SV
PPCG0429a	PPCG0429	Metastasis	0.176	1.930	False	COMBI	.
PPCG0430a	PPCG0430	Metastasis	0.950	1.957	False	COMBI	INDEL,SV
PPCG0431a	PPCG0431	Primary	0.632	1.925	False	COMBI	.
PPCG0431c	PPCG0431	Metastasis	0.201	1.845	False	COMBI	.
PPCG0432a	PPCG0432	Primary	0.730	1.946	False	COMBI	.
PPCG0432c	PPCG0432	Metastasis	0.721	1.951	False	COMBI	.
PPCG0433a	PPCG0433	Metastasis	0.950	2.000	False	COMBI	INDEL,SV
PPCG0434a	PPCG0434	Primary	0.313	2.012	False	COMBI	SV
PPCG0434c	PPCG0434	Metastasis	0.320	2.000	False	COMBI	INDEL,SV
PPCG0435a	PPCG0435	Primary	0.805	1.897	False	COMBI	.
PPCG0435c	PPCG0435	Metastasis	0.865	3.875	True	COMBI	.
PPCG0442b	PPCG0442	Primary	0.438	2.011	False	COMBI	.
PPCG0442c	PPCG0442	Metastasis	0.440	2.000	False	COMBI	SV
PPCG0467a	PPCG0467	Metastasis	0.420	2.091	False	COMBI	.
PPCG0467b	PPCG0467	Metastasis	0.452	2.099	False	COMBI	.
PPCG0467d	PPCG0467	Primary	0.582	2.083	False	COMBI	.
PPCG0480a	PPCG0480	Primary	0.376	1.929	False	COMBI	INDEL,SV
PPCG0480c	PPCG0480	Metastasis	0.300	2.006	False	COMBI	SV
PPCG0988a	PPCG0988	Primary	0.528	4.210	True	COMBI	.
PPCG0988c	PPCG0988	Metastasis	0.737	4.082	True	COMBI	.
PPCG0990a	PPCG0990	Primary	0.729	1.977	False	COMBI	.
PPCG0990c	PPCG0990	Metastasis	0.641	3.994	True	COMBI	.
PPCG0992a	PPCG0992	Primary	0.364	3.588	True	COMBI	.
PPCG0992c	PPCG0992	Metastasis	0.749	3.515	True	COMBI	.
PPCG0994a	PPCG0994	Primary	0.274	1.922	False	COMBI	.
PPCG0994c	PPCG0994	Metastasis	0.721	1.908	False	COMBI	.
PPCG0996a	PPCG0996	Primary	0.623	3.198	True	COMBI	.
PPCG0996c	PPCG0996	Metastasis	0.684	3.315	True	COMBI	.
PPCG0998a	PPCG0998	Primary	0.265	1.839	False	COMBI	.
PPCG0998c	PPCG0998	Metastasis	0.656	1.852	False	COMBI	.
PPCG1000a	PPCG1000	Primary	0.832	1.976	False	COMBI	.
PPCG1000c	PPCG1000	Metastasis	0.298	2.002	False	COMBI	.
PPCG1002a	PPCG1002	Primary	0.610	2.051	False	COMBI	.
PPCG1002c	PPCG1002	Metastasis	0.919	1.995	False	COMBI	.
PPCG1004a	PPCG1004	Primary	0.867	1.932	False	COMBI	.
PPCG1004c	PPCG1004	Metastasis	0.680	1.966	False	COMBI	.
PPCG1006a	PPCG1006	Primary	0.598	1.901	False	COMBI	.
PPCG1006c	PPCG1006	Metastasis	0.345	1.899	False	COMBI	.
PPCG1008a	PPCG1008	Primary	0.409	1.901	False	COMBI	.
PPCG1008c	PPCG1008	Metastasis	0.754	1.956	False	COMBI	.
PPCG1010a	PPCG1010	Primary	0.758	1.869	False	COMBI	.
PPCG1010c	PPCG1010	Metastasis	0.310	3.274	True	COMBI	.
PPCG1012a	PPCG1012	Primary	0.744	2.009	False	COMBI	.
PPCG1012c	PPCG1012	Metastasis	0.578	1.970	False	COMBI	.
PPCG1014a	PPCG1014	Primary	0.676	2.151	False	COMBI	.
PPCG1014c	PPCG1014	Metastasis	0.803	2.181	False	COMBI	.
PPCG1016a	PPCG1016	Primary	0.690	1.954	True	COMBI	.
PPCG1016c	PPCG1016	Metastasis	0.604	1.936	False	COMBI	.
PPCG1018a	PPCG1018	Primary	0.840	1.953	False	COMBI	.
PPCG1018c	PPCG1018	Metastasis	0.592	1.941	False	COMBI	.
PPCG1020a	PPCG1020	Primary	0.448	1.943	False	COMBI	.
PPCG1020c	PPCG1020	Metastasis	0.306	1.943	False	COMBI	.
PPCG1022a	PPCG1022	Primary	0.522	1.941	False	COMBI	.
PPCG1022c	PPCG1022	Metastasis	0.308	1.943	False	COMBI	.
PPCG1024a	PPCG1024	Primary	0.633	2.085	False	COMBI	.
PPCG1024c	PPCG1024	Metastasis	0.817	2.071	False	COMBI	.
PPCG1026a	PPCG1026	Primary	0.324	2.040	False	COMBI	.
PPCG1026c	PPCG1026	Metastasis	0.173	2.065	False	COMBI	.
PPCG1028a	PPCG1028	Primary	0.314	1.931	False	COMBI	.
PPCG1028c	PPCG1028	Metastasis	0.220	2.053	False	COMBI	.
PPCG1030a	PPCG1030	Primary	0.734	2.005	False	COMBI	.
PPCG1030c	PPCG1030	Metastasis	0.953	2.037	False	COMBI	.
PPCG1032a	PPCG1032	Primary	0.353	1.953	True	COMBI	.
PPCG1032c	PPCG1032	Metastasis	0.120	1.987	False	COMBI	.
PPCG1034a	PPCG1034	Primary	0.267	3.817	True	COMBI	.
PPCG1034c	PPCG1034	Metastasis	0.240	3.728	True	COMBI	.
PPCG1036a	PPCG1036	Primary	0.613	1.861	False	COMBI	.
PPCG1036c	PPCG1036	Metastasis	0.399	1.869	False	COMBI	.
PPCG1038a	PPCG1038	Primary	0.510	1.883	False	COMBI	.
PPCG1038c	PPCG1038	Metastasis	0.584	1.889	False	COMBI	.
PPCG1040a	PPCG1040	Primary	0.501	4.258	True	COMBI	.
PPCG1040c	PPCG1040	Metastasis	0.219	1.983	False	COMBI	.
PPCG1042a	PPCG1042	Primary	0.382	1.981	False	COMBI	.
PPCG1042c	PPCG1042	Metastasis	0.495	1.998	False	COMBI	.
PPCG1044a	PPCG1044	Primary	0.298	4.060	True	COMBI	.
PPCG1044c	PPCG1044	Metastasis	0.287	2.848	True	COMBI	.
PPCG1048a	PPCG1048	Primary	0.592	1.944	False	COMBI	.
PPCG1048c	PPCG1048	Metastasis	0.672	1.941	False	COMBI	.
PPCG1050a	PPCG1050	Primary	0.548	1.910	False	COMBI	.
PPCG1050c	PPCG1050	Metastasis	0.827	1.946	False	COMBI	.
PPCG1052a	PPCG1052	Primary	0.716	1.927	False	COMBI	.
PPCG1052c	PPCG1052	Metastasis	0.451	3.700	True	COMBI	.
PPCG1054a	PPCG1054	Primary	0.756	2.081	False	COMBI	.
PPCG1054c	PPCG1054	Metastasis	0.661	2.339	False	COMBI	.
PPCG1056a	PPCG1056	Primary	0.474	3.933	True	COMBI	.
PPCG1056c	PPCG1056	Metastasis	0.707	1.910	False	COMBI	.
PPCG1058a	PPCG1058	Primary	0.515	3.954	True	COMBI	.
PPCG1058c	PPCG1058	Metastasis	0.220	2.009	False	COMBI	.
PPCG1060a	PPCG1060	Primary	0.857	1.968	False	COMBI	.
PPCG1060c	PPCG1060	Metastasis	0.858	3.525	True	COMBI	.
PPCG1062a	PPCG1062	Primary	0.232	3.955	True	COMBI	.
PPCG1062c	PPCG1062	Metastasis	0.317	2.000	False	COMBI	.
PPCG1066a	PPCG1066	Primary	0.636	1.954	False	COMBI	.
PPCG1066c	PPCG1066	Metastasis	0.857	2.292	False	COMBI	.
PPCG1068a	PPCG1068	Primary	0.924	2.019	False	COMBI	.
PPCG1068c	PPCG1068	Metastasis	0.939	2.020	False	COMBI	.
PPCG1070a	PPCG1070	Primary	0.571	1.884	False	COMBI	.
PPCG1070c	PPCG1070	Metastasis	0.730	1.870	False	COMBI	.
PPCG1072a	PPCG1072	Primary	0.433	1.929	False	COMBI	.
PPCG1072c	PPCG1072	Metastasis	0.290	2.006	False	COMBI	.
PPCG1074a	PPCG1074	Primary	0.470	1.966	False	COMBI	.
PPCG1074c	PPCG1074	Metastasis	0.346	1.945	False	COMBI	.
PPCG1076a	PPCG1076	Primary	0.599	2.481	True	COMBI	.
PPCG1076c	PPCG1076	Metastasis	0.419	2.815	True	COMBI	.
PPCG1078a	PPCG1078	Primary	0.404	1.948	False	COMBI	.
PPCG1078c	PPCG1078	Metastasis	0.118	1.962	False	COMBI	.
PPCG1080a	PPCG1080	Primary	0.626	1.860	False	COMBI	.
PPCG1080c	PPCG1080	Metastasis	0.713	1.854	False	COMBI	.
PPCG1082a	PPCG1082	Primary	0.294	1.912	False	COMBI	.
PPCG1082c	PPCG1082	Metastasis	0.458	1.814	True	COMBI	.
PPCG1107a	PPCG1107	Metastasis	0.885	3.533	True	COMBI	.
PPCG0001a	PPCG0001	Primary	0.280	1.886	False	PPCG	.
PPCG0002a	PPCG0002	Primary	0.498	2.311	False	PPCG	.
PPCG0003a	PPCG0003	Primary	0.778	2.385	False	PPCG	.
PPCG0004a	PPCG0004	Primary	0.478	1.689	False	PPCG	.
PPCG0005a	PPCG0005	Primary	0.673	2.000	False	PPCG	SV
PPCG0006a	PPCG0006	Primary	0.681	1.611	False	PPCG	.
PPCG0007a	PPCG0007	Primary	0.891	1.629	False	PPCG	.
PPCG0008a	PPCG0008	Primary	0.639	1.581	False	PPCG	.
PPCG0009a	PPCG0009	Primary	0.219	2.004	False	PPCG	.
PPCG0010a	PPCG0010	Primary	0.271	1.814	False	PPCG	.
PPCG0011a	PPCG0011	Primary	0.742	1.750	False	PPCG	.
PPCG0012a	PPCG0012	Primary	0.634	1.826	False	PPCG	.
PPCG0013a	PPCG0013	Primary	0.319	1.786	False	PPCG	.
PPCG0014a	PPCG0014	Primary	0.529	3.176	True	PPCG	.
PPCG0015a	PPCG0015	Primary	0.329	3.073	True	PPCG	.
PPCG0016a	PPCG0016	Primary	0.563	2.250	False	PPCG	.
PPCG0017a	PPCG0017	Primary	0.269	2.259	False	PPCG	.
PPCG0018a	PPCG0018	Primary	0.710	3.689	True	PPCG	.
PPCG0019a	PPCG0019	Primary	0.468	2.466	False	PPCG	.
PPCG0020a	PPCG0020	Primary	0.562	1.286	False	PPCG	.
PPCG0021a	PPCG0021	Primary	0.575	1.829	False	PPCG	.
PPCG0022a	PPCG0022	Primary	0.533	3.561	True	PPCG	.
PPCG0023a	PPCG0023	Primary	0.325	3.814	True	PPCG	.
PPCG0024a	PPCG0024	Primary	0.392	2.841	False	PPCG	.
PPCG0025a	PPCG0025	Primary	0.948	2.868	False	PPCG	.
PPCG0026a	PPCG0026	Primary	0.539	1.582	False	PPCG	.
PPCG0027a	PPCG0027	Primary	0.590	1.621	False	PPCG	.
PPCG0028a	PPCG0028	Primary	0.414	1.705	False	PPCG	.
PPCG0029a	PPCG0029	Primary	0.478	1.686	False	PPCG	.
PPCG0030a	PPCG0030	Primary	0.486	1.897	False	PPCG	.
PPCG0031a	PPCG0031	Primary	0.565	1.756	False	PPCG	.
PPCG0032a	PPCG0032	Primary	0.388	1.745	False	PPCG	.
PPCG0033a	PPCG0033	Primary	0.460	1.931	False	PPCG	INDEL,SV
PPCG0034a	PPCG0034	Primary	0.446	1.708	False	PPCG	.
PPCG0035a	PPCG0035	Primary	0.517	1.699	False	PPCG	.
PPCG0036a	PPCG0036	Primary	0.395	1.732	False	PPCG	.
PPCG0037a	PPCG0037	Primary	0.583	1.819	False	PPCG	.
PPCG0038a	PPCG0038	Primary	0.463	1.853	False	PPCG	.
PPCG0039a	PPCG0039	Primary	0.589	1.707	False	PPCG	.
PPCG0040a	PPCG0040	Primary	0.491	1.933	False	PPCG	.
PPCG0041a	PPCG0041	Primary	0.415	1.761	False	PPCG	.
PPCG0042a	PPCG0042	Primary	0.489	1.742	False	PPCG	.
PPCG0043a	PPCG0043	Primary	0.263	1.970	False	PPCG	.
PPCG0044a	PPCG0044	Primary	0.306	1.671	False	PPCG	.
PPCG0045a	PPCG0045	Primary	0.328	1.835	False	PPCG	.
PPCG0046a	PPCG0046	Primary	0.515	1.845	False	PPCG	.
PPCG0047a	PPCG0047	Primary	0.330	1.872	False	PPCG	.
PPCG0048a	PPCG0048	Primary	0.519	1.746	False	PPCG	.
PPCG0049a	PPCG0049	Primary	0.296	1.906	False	PPCG	.
PPCG0050a	PPCG0050	Primary	0.554	1.790	False	PPCG	.
PPCG0050c	PPCG0050	Primary	0.639	1.688	False	PPCG	.
PPCG0051a	PPCG0051	Primary	0.351	2.071	False	PPCG	.
PPCG0051c	PPCG0051	Primary	0.450	2.114	False	PPCG	.
PPCG0052a	PPCG0052	Primary	0.428	1.752	False	PPCG	.
PPCG0053a	PPCG0053	Primary	0.665	1.809	False	PPCG	.
PPCG0054a	PPCG0054	Primary	0.513	3.377	True	PPCG	.
PPCG0055a	PPCG0055	Primary	0.502	1.922	False	PPCG	.
PPCG0056a	PPCG0056	Primary	0.548	1.603	False	PPCG	.
PPCG0056c	PPCG0056	Primary	0.636	1.680	False	PPCG	.
PPCG0056d	PPCG0056	Primary	0.536	1.564	False	PPCG	.
PPCG0056e	PPCG0056	Primary	0.715	1.676	False	PPCG	.
PPCG0056f	PPCG0056	Primary	0.750	1.599	False	PPCG	.
PPCG0056g	PPCG0056	Primary	0.742	1.581	False	PPCG	.
PPCG0056h	PPCG0056	Primary	0.537	1.683	False	PPCG	INDEL,SNV,SV
PPCG0057a	PPCG0057	Primary	0.549	1.826	False	PPCG	.
PPCG0057c	PPCG0057	Primary	0.505	1.714	False	PPCG	.
PPCG0057d	PPCG0057	Primary	0.322	1.811	False	PPCG	.
PPCG0057e	PPCG0057	Primary	0.310	1.824	False	PPCG	.
PPCG0057f	PPCG0057	Primary	0.329	1.758	False	PPCG	.
PPCG0058a	PPCG0058	Primary	0.455	1.773	False	PPCG	.
PPCG0058c	PPCG0058	Primary	0.491	1.789	False	PPCG	.
PPCG0058d	PPCG0058	Primary	0.409	1.861	False	PPCG	.
PPCG0058e	PPCG0058	Primary	0.346	1.791	False	PPCG	.
PPCG0058f	PPCG0058	Primary	0.266	3.633	True	PPCG	.
PPCG0058g	PPCG0058	Primary	0.566	1.681	False	PPCG	.
PPCG0058h	PPCG0058	Primary	0.691	1.782	False	PPCG	INDEL,SNV,SV
PPCG0059a	PPCG0059	Primary	0.320	2.864	False	PPCG	.
PPCG0059c	PPCG0059	Primary	0.310	2.333	False	PPCG	.
PPCG0059d	PPCG0059	Primary	0.429	3.578	True	PPCG	.
PPCG0059e	PPCG0059	Primary	0.376	1.681	False	PPCG	.
PPCG0059f	PPCG0059	Primary	0.371	3.628	True	PPCG	.
PPCG0059g	PPCG0059	Primary	0.417	1.682	False	PPCG	.
PPCG0060a	PPCG0060	Primary	0.478	1.726	False	PPCG	.
PPCG0061a	PPCG0061	Primary	0.692	1.570	False	PPCG	.
PPCG0062a	PPCG0062	Primary	0.307	1.800	False	PPCG	.
PPCG0063a	PPCG0063	Primary	0.260	1.882	False	PPCG	.
PPCG0064a	PPCG0064	Primary	0.314	1.613	False	PPCG	.
PPCG0065a	PPCG0065	Primary	0.339	1.820	False	PPCG	.
PPCG0066a	PPCG0066	Primary	0.288	1.794	False	PPCG	.
PPCG0067a	PPCG0067	Primary	0.330	1.697	False	PPCG	.
PPCG0068a	PPCG0068	Primary	0.374	1.770	False	PPCG	.
PPCG0069a	PPCG0069	Primary	0.409	1.700	False	PPCG	.
PPCG0070a	PPCG0070	Primary	0.542	1.613	False	PPCG	.
PPCG0071a	PPCG0071	Primary	0.512	1.648	False	PPCG	.
PPCG0072a	PPCG0072	Primary	0.544	1.760	False	PPCG	.
PPCG0073a	PPCG0073	Primary	0.563	1.851	False	PPCG	.
PPCG0074a	PPCG0074	Primary	0.455	1.678	False	PPCG	.
PPCG0075a	PPCG0075	Primary	0.349	1.632	False	PPCG	.
PPCG0076a	PPCG0076	Primary	0.499	1.593	False	PPCG	.
PPCG0077a	PPCG0077	Primary	0.557	1.803	False	PPCG	.
PPCG0078a	PPCG0078	Primary	0.331	3.444	True	PPCG	SV
PPCG0078c	PPCG0078	Primary	0.576	1.631	False	PPCG	SV
PPCG0078d	PPCG0078	Primary	0.397	3.505	True	PPCG	SV
PPCG0078e	PPCG0078	Primary	0.445	1.742	False	PPCG	SV
PPCG0083a	PPCG0083	Primary	0.520	2.042	False	PPCG	SV
PPCG0083c	PPCG0083	Primary	0.436	2.135	False	PPCG	SV
PPCG0083d	PPCG0083	Primary	0.528	1.950	False	PPCG	SV
PPCG0083e	PPCG0083	Primary	0.144	2.867	False	PPCG	INDEL,SV
PPCG0083f	PPCG0083	Primary	0.390	1.905	False	PPCG	SV
PPCG0084a	PPCG0084	Primary	0.484	1.639	False	PPCG	SV
PPCG0084c	PPCG0084	Primary	0.323	1.677	False	PPCG	SV
PPCG0084d	PPCG0084	Primary	0.140	2.139	False	PPCG	INDEL,SV
PPCG0085a	PPCG0085	Primary	0.495	1.500	False	PPCG	.
PPCG0090a	PPCG0090	Primary	0.832	1.763	False	PPCG	.
PPCG0091a	PPCG0091	Primary	0.495	1.541	False	PPCG	.
PPCG0092a	PPCG0092	Primary	0.608	1.860	False	PPCG	.
PPCG0093a	PPCG0093	Primary	0.170	3.660	True	PPCG	.
PPCG0094a	PPCG0094	Primary	0.301	4.754	True	PPCG	.
PPCG0095a	PPCG0095	Primary	0.837	13.112	True	PPCG	.
PPCG0096a	PPCG0096	Primary	0.818	1.897	False	PPCG	.
PPCG0097a	PPCG0097	Primary	0.532	1.812	False	PPCG	.
PPCG0098a	PPCG0098	Primary	0.156	1.784	False	PPCG	INDEL
PPCG0099a	PPCG0099	Primary	0.755	2.065	False	PPCG	.
PPCG0100a	PPCG0100	Primary	0.233	1.650	False	PPCG	INDEL
PPCG0101a	PPCG0101	Primary	0.306	1.840	False	PPCG	.
PPCG0103a	PPCG0103	Primary	0.649	1.610	False	PPCG	.
PPCG0104a	PPCG0104	Primary	0.709	1.628	False	PPCG	.
PPCG0106a	PPCG0106	Primary	0.629	1.912	False	PPCG	.
PPCG0107a	PPCG0107	Primary	0.556	1.705	False	PPCG	.
PPCG0108a	PPCG0108	Primary	0.519	1.683	False	PPCG	.
PPCG0109a	PPCG0109	Primary	0.544	1.635	False	PPCG	.
PPCG0110a	PPCG0110	Primary	0.757	1.800	False	PPCG	.
PPCG0111a	PPCG0111	Primary	0.669	2.000	False	PPCG	.
PPCG0112a	PPCG0112	Primary	0.601	3.706	True	PPCG	.
PPCG0113a	PPCG0113	Primary	0.246	2.094	False	PPCG	.
PPCG0114a	PPCG0114	Primary	0.379	1.765	False	PPCG	.
PPCG0115a	PPCG0115	Primary	0.728	3.706	True	PPCG	.
PPCG0116a	PPCG0116	Primary	0.401	1.795	False	PPCG	.
PPCG0117a	PPCG0117	Primary	0.594	3.195	True	PPCG	.
PPCG0118a	PPCG0118	Primary	0.513	4.888	True	PPCG	.
PPCG0119a	PPCG0119	Primary	0.490	3.731	True	PPCG	.
PPCG0120a	PPCG0120	Primary	0.352	3.620	True	PPCG	.
PPCG0121a	PPCG0121	Primary	0.611	1.515	False	PPCG	.
PPCG0122a	PPCG0122	Primary	0.367	1.825	False	PPCG	.
PPCG0126a	PPCG0126	Primary	0.336	3.562	True	PPCG	.
PPCG0127a	PPCG0127	Primary	0.565	2.142	False	PPCG	.
PPCG0128a	PPCG0128	Primary	0.695	2.253	False	PPCG	.
PPCG0129a	PPCG0129	Primary	0.608	3.600	True	PPCG	.
PPCG0130a	PPCG0130	Primary	0.512	1.987	False	PPCG	.
PPCG0131a	PPCG0131	Primary	0.465	2.278	False	PPCG	.
PPCG0132a	PPCG0132	Primary	0.562	1.822	False	PPCG	.
PPCG0133a	PPCG0133	Primary	0.619	1.636	False	PPCG	.
PPCG0134a	PPCG0134	Primary	0.435	1.603	False	PPCG	.
PPCG0135a	PPCG0135	Primary	0.420	1.810	False	PPCG	.
PPCG0136a	PPCG0136	Primary	0.410	1.691	False	PPCG	.
PPCG0137a	PPCG0137	Primary	0.919	1.586	False	PPCG	.
PPCG0138a	PPCG0138	Primary	0.575	1.667	False	PPCG	.
PPCG0139a	PPCG0139	Primary	0.797	1.576	False	PPCG	.
PPCG0140a	PPCG0140	Primary	0.495	3.900	True	PPCG	.
PPCG0141a	PPCG0141	Primary	0.665	1.627	False	PPCG	.
PPCG0142a	PPCG0142	Primary	0.240	2.614	False	PPCG	SV
PPCG0143a	PPCG0143	Primary	0.480	1.886	False	PPCG	.
PPCG0144a	PPCG0144	Primary	0.390	2.018	False	PPCG	INDEL
PPCG0145a	PPCG0145	Primary	0.320	1.944	False	PPCG	INDEL,SNV,SV
PPCG0146a	PPCG0146	Primary	0.419	2.033	False	PPCG	.
PPCG0147a	PPCG0147	Primary	0.370	2.909	False	PPCG	SV
PPCG0148a	PPCG0148	Primary	0.328	1.786	False	PPCG	.
PPCG0149a	PPCG0149	Primary	0.404	5.644	True	PPCG	.
PPCG0150a	PPCG0150	Primary	0.649	1.639	False	PPCG	.
PPCG0151a	PPCG0151	Primary	0.480	1.823	False	PPCG	.
PPCG0152a	PPCG0152	Primary	0.391	1.755	False	PPCG	.
PPCG0153a	PPCG0153	Primary	0.636	1.510	False	PPCG	.
PPCG0154a	PPCG0154	Primary	0.340	2.078	False	PPCG	INDEL
PPCG0155a	PPCG0155	Primary	0.360	4.613	False	PPCG	.
PPCG0156a	PPCG0156	Primary	1.000	1.947	False	PPCG	SV
PPCG0157a	PPCG0157	Primary	0.484	2.730	False	PPCG	.
PPCG0158a	PPCG0158	Primary	0.340	1.859	False	PPCG	.
PPCG0159a	PPCG0159	Primary	0.714	1.886	False	PPCG	.
PPCG0160a	PPCG0160	Primary	0.626	1.934	False	PPCG	.
PPCG0161a	PPCG0161	Primary	0.337	2.151	False	PPCG	.
PPCG0162a	PPCG0162	Primary	0.319	4.766	True	PPCG	.
PPCG0163a	PPCG0163	Primary	0.464	2.000	False	PPCG	.
PPCG0164a	PPCG0164	Primary	0.651	1.633	False	PPCG	.
PPCG0165a	PPCG0165	Primary	0.542	1.593	False	PPCG	.
PPCG0166a	PPCG0166	Primary	0.724	1.918	False	PPCG	.
PPCG0167a	PPCG0167	Primary	0.359	1.674	False	PPCG	.
PPCG0168a	PPCG0168	Primary	0.380	1.804	False	PPCG	.
PPCG0169a	PPCG0169	Primary	0.340	2.034	False	PPCG	SV
PPCG0170a	PPCG0170	Primary	0.556	2.034	False	PPCG	.
PPCG0172a	PPCG0172	Primary	0.378	2.738	True	PPCG	.
PPCG0173a	PPCG0173	Primary	0.591	1.561	False	PPCG	.
PPCG0174a	PPCG0174	Primary	0.735	1.468	False	PPCG	.
PPCG0175a	PPCG0175	Primary	0.400	1.825	False	PPCG	INDEL,SV
PPCG0176a	PPCG0176	Primary	0.831	2.189	False	PPCG	.
PPCG0177a	PPCG0177	Primary	0.261	2.771	False	PPCG	.
PPCG0178a	PPCG0178	Primary	0.566	1.817	False	PPCG	.
PPCG0184a	PPCG0184	Primary	0.610	1.593	False	PPCG	.
PPCG0185a	PPCG0185	Primary	0.729	1.675	False	PPCG	.
PPCG0186a	PPCG0186	Primary	0.505	1.599	False	PPCG	.
PPCG0187a	PPCG0187	Primary	0.649	1.450	False	PPCG	.
PPCG0188a	PPCG0188	Primary	0.636	1.901	False	PPCG	.
PPCG0189a	PPCG0189	Primary	0.814	1.803	False	PPCG	.
PPCG0190a	PPCG0190	Primary	0.447	1.609	False	PPCG	.
PPCG0191a	PPCG0191	Primary	0.209	1.859	False	PPCG	.
PPCG0192a	PPCG0192	Primary	0.706	1.746	False	PPCG	.
PPCG0193a	PPCG0193	Primary	0.414	1.716	False	PPCG	.
PPCG0194a	PPCG0194	Primary	0.133	2.028	False	PPCG	.
PPCG0195a	PPCG0195	Primary	0.419	3.898	True	PPCG	.
PPCG0196a	PPCG0196	Primary	0.535	1.642	False	PPCG	.
PPCG0197a	PPCG0197	Primary	0.258	1.752	False	PPCG	INDEL
PPCG0198a	PPCG0198	Primary	0.190	1.682	False	PPCG	INDEL
PPCG0199a	PPCG0199	Primary	0.611	1.987	False	PPCG	.
PPCG0200a	PPCG0200	Primary	0.230	1.612	False	PPCG	.
PPCG0201a	PPCG0201	Primary	0.150	1.920	False	PPCG	INDEL,SV
PPCG0202a	PPCG0202	Primary	0.453	4.745	True	PPCG	.
PPCG0203a	PPCG0203	Primary	0.636	1.667	False	PPCG	.
PPCG0204a	PPCG0204	Primary	0.569	1.820	False	PPCG	.
PPCG0205a	PPCG0205	Primary	0.614	3.257	True	PPCG	.
PPCG0206a	PPCG0206	Primary	0.563	1.930	False	PPCG	.
PPCG0207c	PPCG0207	Primary	0.693	1.677	False	PPCG	.
PPCG0208a	PPCG0208	Primary	0.543	1.697	False	PPCG	.
PPCG0209a	PPCG0209	Primary	0.364	1.896	False	PPCG	.
PPCG0210a	PPCG0210	Primary	0.789	1.730	False	PPCG	.
PPCG0211a	PPCG0211	Primary	0.456	1.605	False	PPCG	.
PPCG0212a	PPCG0212	Primary	0.417	1.707	False	PPCG	.
PPCG0213a	PPCG0213	Primary	0.330	2.038	False	PPCG	INDEL,SV
PPCG0214a	PPCG0214	Primary	0.696	1.643	False	PPCG	.
PPCG0215a	PPCG0215	Primary	0.660	1.857	False	PPCG	.
PPCG0216a	PPCG0216	Primary	0.560	1.756	False	PPCG	.
PPCG0217a	PPCG0217	Primary	0.751	4.019	True	PPCG	.
PPCG0218a	PPCG0218	Primary	0.566	3.392	True	PPCG	.
PPCG0219a	PPCG0219	Primary	0.457	1.646	False	PPCG	.
PPCG0220a	PPCG0220	Primary	0.801	1.539	False	PPCG	.
PPCG0221a	PPCG0221	Primary	0.403	1.849	False	PPCG	SV
PPCG0222a	PPCG0222	Primary	0.650	1.733	False	PPCG	INDEL
PPCG0223a	PPCG0223	Primary	0.721	1.729	False	PPCG	.
PPCG0224a	PPCG0224	Primary	0.595	3.111	True	PPCG	.
PPCG0225a	PPCG0225	Primary	0.459	1.605	False	PPCG	.
PPCG0226a	PPCG0226	Primary	0.422	1.841	False	PPCG	.
PPCG0227a	PPCG0227	Primary	0.391	1.816	False	PPCG	.
PPCG0228a	PPCG0228	Primary	0.523	1.615	False	PPCG	.
PPCG0229a	PPCG0229	Primary	0.677	2.052	False	PPCG	.
PPCG0230a	PPCG0230	Primary	0.284	1.708	False	PPCG	.
PPCG0231a	PPCG0231	Primary	0.587	2.019	False	PPCG	.
PPCG0232a	PPCG0232	Primary	0.170	1.933	False	PPCG	INDEL,SV
PPCG0233a	PPCG0233	Primary	0.360	2.822	False	PPCG	.
PPCG0234a	PPCG0234	Primary	0.567	1.678	False	PPCG	.
PPCG0235a	PPCG0235	Primary	0.563	2.033	False	PPCG	SV
PPCG0236a	PPCG0236	Primary	0.140	2.161	False	PPCG	INDEL,SV
PPCG0237a	PPCG0237	Primary	0.448	1.881	False	PPCG	.
PPCG0238a	PPCG0238	Primary	0.782	1.693	False	PPCG	.
PPCG0239a	PPCG0239	Primary	0.748	2.068	False	PPCG	.
PPCG0240a	PPCG0240	Primary	0.217	1.777	False	PPCG	.
PPCG0241a	PPCG0241	Primary	0.917	1.555	False	PPCG	.
PPCG0242a	PPCG0242	Primary	0.410	1.797	False	PPCG	SV
PPCG0252a	PPCG0252	Primary	0.423	1.800	False	PPCG	.
PPCG0253a	PPCG0253	Primary	0.625	1.634	False	PPCG	.
PPCG0254a	PPCG0254	Primary	0.518	1.634	False	PPCG	.
PPCG0255a	PPCG0255	Primary	0.556	1.750	False	PPCG	.
PPCG0256a	PPCG0256	Primary	0.181	1.648	False	PPCG	.
PPCG0257a	PPCG0257	Primary	0.534	1.705	False	PPCG	.
PPCG0258a	PPCG0258	Primary	0.649	1.541	False	PPCG	.
PPCG0259a	PPCG0259	Primary	0.394	1.745	False	PPCG	.
PPCG0260a	PPCG0260	Primary	0.858	1.600	False	PPCG	.
PPCG0261a	PPCG0261	Primary	0.333	1.961	False	PPCG	.
PPCG0262a	PPCG0262	Primary	0.631	1.717	False	PPCG	.
PPCG0263a	PPCG0263	Primary	0.624	1.641	False	PPCG	.
PPCG0264a	PPCG0264	Primary	0.598	1.641	False	PPCG	.
PPCG0265a	PPCG0265	Primary	0.533	1.753	False	PPCG	.
PPCG0266a	PPCG0266	Primary	0.295	1.902	False	PPCG	.
PPCG0267a	PPCG0267	Primary	0.449	1.754	False	PPCG	.
PPCG0268a	PPCG0268	Primary	0.456	1.621	False	PPCG	.
PPCG0269a	PPCG0269	Primary	0.233	1.729	False	PPCG	.
PPCG0270a	PPCG0270	Primary	0.681	3.641	True	PPCG	.
PPCG0271a	PPCG0271	Primary	0.734	1.483	False	PPCG	.
PPCG0272a	PPCG0272	Primary	0.386	3.623	True	PPCG	.
PPCG0273a	PPCG0273	Primary	0.820	1.975	False	PPCG	.
PPCG0274a	PPCG0274	Primary	0.681	1.764	False	PPCG	.
PPCG0275a	PPCG0275	Primary	0.589	1.595	False	PPCG	.
PPCG0276a	PPCG0276	Primary	0.737	1.479	False	PPCG	.
PPCG0277a	PPCG0277	Primary	0.655	1.775	False	PPCG	.
PPCG0278a	PPCG0278	Primary	0.316	1.767	False	PPCG	.
PPCG0279a	PPCG0279	Primary	0.743	1.665	False	PPCG	.
PPCG0280a	PPCG0280	Primary	0.270	3.523	True	PPCG	.
PPCG0281a	PPCG0281	Primary	0.219	1.782	False	PPCG	.
PPCG0282a	PPCG0282	Primary	0.470	1.941	False	PPCG	.
PPCG0283a	PPCG0283	Primary	0.751	1.796	False	PPCG	.
PPCG0284a	PPCG0284	Primary	0.503	1.514	False	PPCG	.
PPCG0285a	PPCG0285	Primary	0.462	2.058	False	PPCG	.
PPCG0286a	PPCG0286	Primary	0.333	1.903	False	PPCG	.
PPCG0287a	PPCG0287	Primary	0.346	1.919	False	PPCG	.
PPCG0288c	PPCG0288	Primary	0.813	1.895	False	PPCG	.
PPCG0289a	PPCG0289	Primary	0.410	3.511	True	PPCG	.
PPCG0290a	PPCG0290	Primary	0.446	3.506	True	PPCG	.
PPCG0291a	PPCG0291	Primary	0.598	1.783	False	PPCG	.
PPCG0292a	PPCG0292	Primary	0.478	1.646	False	PPCG	.
PPCG0293a	PPCG0293	Primary	0.485	1.773	False	PPCG	.
PPCG0294a	PPCG0294	Primary	0.442	1.766	False	PPCG	.
PPCG0295a	PPCG0295	Primary	0.380	1.639	False	PPCG	.
PPCG0296a	PPCG0296	Primary	0.518	1.747	False	PPCG	.
PPCG0297a	PPCG0297	Primary	0.602	3.288	True	PPCG	.
PPCG0298a	PPCG0298	Primary	0.593	1.788	False	PPCG	.
PPCG0299a	PPCG0299	Primary	0.460	1.926	False	PPCG	INDEL,SV
PPCG0300a	PPCG0300	Primary	0.787	1.714	False	PPCG	.
PPCG0301a	PPCG0301	Primary	0.522	1.573	False	PPCG	.
PPCG0302a	PPCG0302	Primary	0.720	1.621	False	PPCG	.
PPCG0303a	PPCG0303	Primary	0.593	1.675	False	PPCG	.
PPCG0304a	PPCG0304	Primary	0.466	2.602	False	PPCG	.
PPCG0305a	PPCG0305	Primary	0.571	1.507	False	PPCG	.
PPCG0306a	PPCG0306	Primary	0.746	1.620	False	PPCG	.
PPCG0307a	PPCG0307	Primary	0.684	1.563	False	PPCG	.
PPCG0308a	PPCG0308	Primary	0.564	2.000	False	PPCG	.
PPCG0309a	PPCG0309	Primary	0.544	1.822	False	PPCG	.
PPCG0310a	PPCG0310	Primary	0.500	1.754	False	PPCG	.
PPCG0311a	PPCG0311	Primary	0.505	1.859	False	PPCG	.
PPCG0312a	PPCG0312	Primary	0.336	3.616	True	PPCG	INDEL
PPCG0313a	PPCG0313	Primary	0.506	2.353	False	PPCG	.
PPCG0314a	PPCG0314	Primary	0.210	1.898	False	PPCG	INDEL
PPCG0315a	PPCG0315	Primary	0.390	1.900	False	PPCG	.
PPCG0316a	PPCG0316	Primary	0.405	1.640	False	PPCG	.
PPCG0317a	PPCG0317	Primary	0.383	1.717	False	PPCG	.
PPCG0318a	PPCG0318	Primary	0.427	1.779	False	PPCG	.
PPCG0319a	PPCG0319	Primary	0.502	1.727	False	PPCG	.
PPCG0320a	PPCG0320	Primary	0.305	2.934	True	PPCG	.
PPCG0321a	PPCG0321	Primary	0.552	3.073	True	PPCG	.
PPCG0322a	PPCG0322	Primary	0.246	2.089	False	PPCG	.
PPCG0323a	PPCG0323	Primary	0.414	1.739	False	PPCG	.
PPCG0324a	PPCG0324	Primary	0.469	1.750	False	PPCG	.
PPCG0325a	PPCG0325	Primary	0.607	1.719	False	PPCG	.
PPCG0326a	PPCG0326	Primary	0.499	1.699	False	PPCG	.
PPCG0327a	PPCG0327	Primary	0.343	1.650	False	PPCG	.
PPCG0328a	PPCG0328	Primary	0.588	1.685	False	PPCG	.
PPCG0329a	PPCG0329	Primary	0.229	1.798	False	PPCG	.
PPCG0330a	PPCG0330	Primary	0.466	1.645	False	PPCG	.
PPCG0331a	PPCG0331	Primary	0.504	1.765	False	PPCG	.
PPCG0332a	PPCG0332	Primary	0.364	1.844	False	PPCG	.
PPCG0333a	PPCG0333	Primary	0.325	1.833	False	PPCG	.
PPCG0334a	PPCG0334	Primary	0.536	1.780	False	PPCG	.
PPCG0335a	PPCG0335	Primary	0.452	1.696	False	PPCG	.
PPCG0336a	PPCG0336	Primary	0.400	1.776	False	PPCG	.
PPCG0337a	PPCG0337	Primary	0.713	1.916	False	PPCG	.
PPCG0338a	PPCG0338	Primary	0.419	1.710	False	PPCG	.
PPCG0339a	PPCG0339	Primary	0.190	1.891	False	PPCG	.
PPCG0340a	PPCG0340	Primary	0.675	1.616	False	PPCG	.
PPCG0341a	PPCG0341	Primary	0.486	1.919	False	PPCG	.
PPCG0342a	PPCG0342	Primary	0.582	1.826	False	PPCG	.
PPCG0343a	PPCG0343	Primary	0.214	1.755	False	PPCG	.
PPCG0344a	PPCG0344	Primary	0.729	1.829	False	PPCG	.
PPCG0345a	PPCG0345	Primary	0.418	1.731	False	PPCG	.
PPCG0346a	PPCG0346	Primary	0.363	1.725	False	PPCG	.
PPCG0347a	PPCG0347	Primary	0.317	1.637	False	PPCG	.
PPCG0348a	PPCG0348	Primary	0.847	1.399	False	PPCG	.
PPCG0349a	PPCG0349	Primary	0.752	1.662	False	PPCG	.
PPCG0350a	PPCG0350	Primary	0.485	1.831	False	PPCG	.
PPCG0351a	PPCG0351	Primary	0.380	3.589	True	PPCG	.
PPCG0352a	PPCG0352	Primary	0.592	1.867	False	PPCG	.
PPCG0353a	PPCG0353	Primary	0.577	1.654	False	PPCG	.
PPCG0354a	PPCG0354	Primary	0.530	1.867	False	PPCG	.
PPCG0355a	PPCG0355	Primary	0.397	1.609	False	PPCG	.
PPCG0356a	PPCG0356	Primary	0.679	1.644	False	PPCG	.
PPCG0357a	PPCG0357	Primary	0.570	1.906	False	PPCG	.
PPCG0358a	PPCG0358	Primary	0.604	1.818	False	PPCG	.
PPCG0366a	PPCG0366	Primary	0.667	2.000	False	PPCG	.
PPCG0367a	PPCG0367	Primary	0.792	1.609	False	PPCG	.
PPCG0368a	PPCG0368	Primary	0.290	2.309	False	PPCG	.
PPCG0369a	PPCG0369	Primary	0.492	3.642	True	PPCG	.
PPCG0370a	PPCG0370	Primary	0.768	1.821	False	PPCG	.
PPCG0371a	PPCG0371	Primary	0.291	1.750	False	PPCG	.
PPCG0372a	PPCG0372	Primary	0.240	1.832	False	PPCG	.
PPCG0373a	PPCG0373	Primary	0.484	1.770	False	PPCG	.
PPCG0374a	PPCG0374	Primary	0.758	1.810	False	PPCG	.
PPCG0375a	PPCG0375	Primary	0.260	1.933	False	PPCG	.
PPCG0376a	PPCG0376	Primary	0.346	1.946	False	PPCG	.
PPCG0377a	PPCG0377	Primary	0.315	1.837	False	PPCG	.
PPCG0378a	PPCG0378	Primary	0.502	1.663	False	PPCG	.
PPCG0379a	PPCG0379	Primary	0.400	1.619	False	PPCG	.
PPCG0380a	PPCG0380	Primary	0.672	2.279	False	PPCG	.
PPCG0381a	PPCG0381	Primary	0.400	1.732	False	PPCG	.
PPCG0382a	PPCG0382	Primary	0.666	1.810	False	PPCG	.
PPCG0383a	PPCG0383	Primary	0.777	1.906	False	PPCG	.
PPCG0384a	PPCG0384	Primary	0.813	1.439	False	PPCG	.
PPCG0385a	PPCG0385	Primary	0.396	2.795	False	PPCG	.
PPCG0386a	PPCG0386	Primary	0.408	3.154	False	PPCG	.
PPCG0401a	PPCG0401	Primary	0.171	2.768	False	PPCG	.
PPCG0402a	PPCG0402	Primary	0.954	1.938	False	PPCG	INDEL,SV
PPCG0408a	PPCG0408	Primary	0.552	2.089	False	PPCG	.
PPCG0409a	PPCG0409	Primary	0.407	2.108	False	PPCG	.
PPCG0414a	PPCG0414	Primary	0.370	1.887	False	PPCG	.
PPCG0418a	PPCG0418	Primary	0.380	1.809	False	PPCG	.
PPCG0419a	PPCG0419	Primary	0.420	1.714	False	PPCG	SV
PPCG0420a	PPCG0420	Primary	0.410	2.886	False	PPCG	SV
PPCG0426a	PPCG0426	Primary	0.613	1.771	False	PPCG	.
PPCG0438a	PPCG0438	Primary	0.441	1.764	False	PPCG	.
PPCG0440a	PPCG0440	Primary	0.319	2.438	False	PPCG	.
PPCG0440b	PPCG0440	Primary	0.865	2.005	False	PPCG	.
PPCG0443b	PPCG0443	Primary	0.728	1.778	False	PPCG	.
PPCG0444b	PPCG0444	Primary	0.476	2.519	False	PPCG	.
PPCG0446b	PPCG0446	Primary	0.659	1.800	False	PPCG	.
PPCG0447b	PPCG0447	Primary	0.390	1.706	False	PPCG	.
PPCG0452b	PPCG0452	Primary	0.488	1.867	False	PPCG	.
PPCG0460b	PPCG0460	Primary	0.767	1.792	False	PPCG	.
PPCG0463b	PPCG0463	Primary	0.542	1.728	False	PPCG	.
PPCG0464b	PPCG0464	Primary	0.879	1.524	False	PPCG	.
PPCG0472a	PPCG0472	Primary	0.599	1.855	False	PPCG	.
PPCG0473a	PPCG0473	Primary	0.410	1.784	False	PPCG	SV
PPCG0475a	PPCG0475	Primary	0.601	1.797	False	PPCG	.
PPCG0476a	PPCG0476	Primary	0.320	1.800	False	PPCG	.
PPCG0477a	PPCG0477	Primary	0.846	1.673	False	PPCG	.
PPCG0486a	PPCG0486	Primary	0.593	1.701	False	PPCG	.
PPCG0487a	PPCG0487	Primary	0.562	1.577	False	PPCG	.
PPCG0491a	PPCG0491	Primary	0.705	3.379	True	PPCG	.
PPCG0494a	PPCG0494	Primary	0.305	2.019	False	PPCG	.
PPCG0497a	PPCG0497	Primary	0.930	1.870	False	PPCG	.
PPCG0498a	PPCG0498	Primary	0.359	1.690	False	PPCG	INDEL,SNV,SV
PPCG0499a	PPCG0499	Primary	0.369	1.708	False	PPCG	.
PPCG0506a	PPCG0506	Primary	0.780	1.468	False	PPCG	.
PPCG0510a	PPCG0510	Primary	0.318	1.742	False	PPCG	.
PPCG0511a	PPCG0511	Primary	0.709	1.042	False	PPCG	.
PPCG0512a	PPCG0512	Primary	0.904	1.375	False	PPCG	.
PPCG0513a	PPCG0513	Primary	0.636	1.965	False	PPCG	.
PPCG0514a	PPCG0514	Primary	0.345	2.146	False	PPCG	.
PPCG0515a	PPCG0515	Primary	0.446	1.680	False	PPCG	.
PPCG0516a	PPCG0516	Primary	0.374	1.844	False	PPCG	.
PPCG0517a	PPCG0517	Primary	0.425	1.842	False	PPCG	.
PPCG0518a	PPCG0518	Primary	0.320	1.789	False	PPCG	SV
PPCG0519a	PPCG0519	Primary	0.455	1.792	False	PPCG	.
PPCG0520a	PPCG0520	Primary	0.663	1.779	False	PPCG	.
PPCG0521a	PPCG0521	Primary	0.549	1.624	False	PPCG	.
PPCG0522a	PPCG0522	Primary	0.300	1.870	False	PPCG	.
PPCG0523a	PPCG0523	Primary	0.715	1.743	False	PPCG	.
PPCG0524a	PPCG0524	Primary	0.310	1.986	False	PPCG	.
PPCG0525a	PPCG0525	Primary	0.368	2.061	False	PPCG	SV
PPCG0526a	PPCG0526	Primary	0.545	1.641	False	PPCG	.
PPCG0527a	PPCG0527	Primary	0.498	3.114	True	PPCG	.
PPCG0528a	PPCG0528	Primary	0.450	1.656	False	PPCG	.
PPCG0529a	PPCG0529	Primary	0.314	1.786	False	PPCG	.
PPCG0529c	PPCG0529	Primary	0.710	4.807	True	PPCG	.
PPCG0530a	PPCG0530	Primary	0.452	1.658	False	PPCG	.
PPCG0531a	PPCG0531	Primary	0.247	2.000	False	PPCG	.
PPCG0532a	PPCG0532	Primary	0.722	3.299	True	PPCG	.
PPCG0533a	PPCG0533	Primary	0.697	1.496	False	PPCG	.
PPCG0534a	PPCG0534	Primary	0.290	1.727	False	PPCG	.
PPCG0535a	PPCG0535	Primary	0.300	1.853	False	PPCG	INDEL,SV
PPCG0536a	PPCG0536	Primary	0.541	1.687	False	PPCG	.
PPCG0537a	PPCG0537	Primary	0.504	1.725	False	PPCG	.
PPCG0538a	PPCG0538	Primary	0.450	3.690	True	PPCG	.
PPCG0539a	PPCG0539	Primary	0.650	1.952	False	PPCG	.
PPCG0540a	PPCG0540	Primary	0.536	1.510	False	PPCG	.
PPCG0541a	PPCG0541	Primary	0.275	1.564	False	PPCG	.
PPCG0542a	PPCG0542	Primary	0.270	1.791	False	PPCG	.
PPCG0543a	PPCG0543	Primary	0.286	3.493	True	PPCG	.
PPCG0544a	PPCG0544	Primary	0.699	1.641	False	PPCG	.
PPCG0545a	PPCG0545	Primary	0.746	1.921	False	PPCG	.
PPCG0546a	PPCG0546	Primary	0.258	1.644	False	PPCG	.
PPCG0548a	PPCG0548	Primary	0.503	2.039	False	PPCG	SV
PPCG0549a	PPCG0549	Primary	0.253	2.065	False	PPCG	.
PPCG0550a	PPCG0550	Primary	0.251	11.566	True	PPCG	.
PPCG0551a	PPCG0551	Primary	0.829	2.241	False	PPCG	.
PPCG0552a	PPCG0552	Primary	0.496	1.515	False	PPCG	.
PPCG0553a	PPCG0553	Primary	0.706	2.751	True	PPCG	.
PPCG0554a	PPCG0554	Primary	0.200	1.793	False	PPCG	.
PPCG0555a	PPCG0555	Primary	0.666	1.745	False	PPCG	.
PPCG0556a	PPCG0556	Primary	0.678	1.829	False	PPCG	.
PPCG0557a	PPCG0557	Primary	0.659	1.731	False	PPCG	.
PPCG0558a	PPCG0558	Primary	0.825	1.762	False	PPCG	.
PPCG0559a	PPCG0559	Primary	0.372	1.691	False	PPCG	.
PPCG0560a	PPCG0560	Primary	0.292	1.694	False	PPCG	.
PPCG0561a	PPCG0561	Primary	0.476	1.657	False	PPCG	.
PPCG0562a	PPCG0562	Primary	0.540	1.941	False	PPCG	.
PPCG0563a	PPCG0563	Primary	0.618	1.487	False	PPCG	.
PPCG0564a	PPCG0564	Primary	0.578	1.824	False	PPCG	.
PPCG0565a	PPCG0565	Primary	0.750	2.109	False	PPCG	.
PPCG0566a	PPCG0566	Primary	0.630	1.709	False	PPCG	.
PPCG0567a	PPCG0567	Primary	0.544	1.664	False	PPCG	.
PPCG0568a	PPCG0568	Primary	0.702	1.774	False	PPCG	.
PPCG0569a	PPCG0569	Primary	0.226	2.533	False	PPCG	.
PPCG0570a	PPCG0570	Primary	0.280	1.891	False	PPCG	.
PPCG0571a	PPCG0571	Primary	0.325	1.741	False	PPCG	.
PPCG0572a	PPCG0572	Primary	0.540	1.623	False	PPCG	.
PPCG0573a	PPCG0573	Primary	0.372	2.109	False	PPCG	.
PPCG0574a	PPCG0574	Primary	0.519	1.638	False	PPCG	.
PPCG0575a	PPCG0575	Primary	0.240	2.477	False	PPCG	.
PPCG0576a	PPCG0576	Primary	0.498	1.389	False	PPCG	.
PPCG0577a	PPCG0577	Primary	0.544	0.831	False	PPCG	.
PPCG0578a	PPCG0578	Primary	0.552	1.473	False	PPCG	.
PPCG0579a	PPCG0579	Primary	0.719	1.704	False	PPCG	.
PPCG0580a	PPCG0580	Primary	0.449	2.964	True	PPCG	.
PPCG0581a	PPCG0581	Primary	0.480	1.667	False	PPCG	.
PPCG0582a	PPCG0582	Primary	0.289	1.712	False	PPCG	.
PPCG0583a	PPCG0583	Primary	0.272	1.832	False	PPCG	.
PPCG0584a	PPCG0584	Primary	0.426	1.847	False	PPCG	.
PPCG0585a	PPCG0585	Primary	0.321	1.776	False	PPCG	.
PPCG0586a	PPCG0586	Primary	0.684	1.656	False	PPCG	.
PPCG0587a	PPCG0587	Primary	0.566	1.920	False	PPCG	.
PPCG0588a	PPCG0588	Primary	0.438	2.160	False	PPCG	.
PPCG0589a	PPCG0589	Primary	0.559	1.765	False	PPCG	.
PPCG0590a	PPCG0590	Primary	0.240	1.906	False	PPCG	.
PPCG0591a	PPCG0591	Primary	0.314	1.766	False	PPCG	.
PPCG0592a	PPCG0592	Primary	0.521	1.418	False	PPCG	.
PPCG0593a	PPCG0593	Primary	0.512	1.655	False	PPCG	.
PPCG0594a	PPCG0594	Primary	0.586	1.575	False	PPCG	.
PPCG0595a	PPCG0595	Primary	0.250	1.773	False	PPCG	.
PPCG0596a	PPCG0596	Primary	0.762	1.350	False	PPCG	.
PPCG0597a	PPCG0597	Primary	0.277	1.691	False	PPCG	.
PPCG0598a	PPCG0598	Primary	0.734	1.862	False	PPCG	.
PPCG0599a	PPCG0599	Primary	0.270	2.000	False	PPCG	.
PPCG0600a	PPCG0600	Primary	0.703	1.720	False	PPCG	.
PPCG0601a	PPCG0601	Primary	0.453	0.933	False	PPCG	.
PPCG0602a	PPCG0602	Primary	0.246	1.726	False	PPCG	.
PPCG0603a	PPCG0603	Primary	0.390	1.500	False	PPCG	.
PPCG0604a	PPCG0604	Primary	0.588	1.136	False	PPCG	.
PPCG0605a	PPCG0605	Primary	0.246	1.759	False	PPCG	.
PPCG0606a	PPCG0606	Primary	0.240	4.065	False	PPCG	.
PPCG0607a	PPCG0607	Primary	0.740	1.512	False	PPCG	.
PPCG0608a	PPCG0608	Primary	0.517	1.328	False	PPCG	.
PPCG0609a	PPCG0609	Primary	0.380	1.645	False	PPCG	.
PPCG0610a	PPCG0610	Primary	0.763	1.619	False	PPCG	.
PPCG0611a	PPCG0611	Primary	0.335	1.735	False	PPCG	.
PPCG0612a	PPCG0612	Primary	0.361	1.736	False	PPCG	.
PPCG0613a	PPCG0613	Primary	0.521	1.697	False	PPCG	.
PPCG0614a	PPCG0614	Primary	0.210	1.945	False	PPCG	SV
PPCG0615a	PPCG0615	Primary	0.411	1.179	False	PPCG	.
PPCG0616a	PPCG0616	Primary	0.550	1.885	False	PPCG	SV
PPCG0617a	PPCG0617	Primary	0.264	2.094	False	PPCG	.
PPCG0618a	PPCG0618	Primary	0.410	1.674	False	PPCG	.
PPCG0619a	PPCG0619	Primary	0.297	1.845	False	PPCG	.
PPCG0620a	PPCG0620	Primary	0.519	1.852	False	PPCG	.
PPCG0621a	PPCG0621	Primary	0.622	1.717	False	PPCG	.
PPCG0622a	PPCG0622	Primary	0.758	2.167	False	PPCG	.
PPCG0623a	PPCG0623	Primary	0.516	3.172	True	PPCG	.
PPCG0624a	PPCG0624	Primary	0.690	1.034	False	PPCG	.
PPCG0625a	PPCG0625	Primary	0.193	2.538	False	PPCG	.
PPCG0626a	PPCG0626	Primary	0.317	3.493	True	PPCG	.
PPCG0627a	PPCG0627	Primary	0.457	1.445	False	PPCG	.
PPCG0628a	PPCG0628	Primary	0.584	1.605	False	PPCG	.
PPCG0629a	PPCG0629	Primary	0.548	1.670	False	PPCG	.
PPCG0630a	PPCG0630	Primary	0.522	3.294	True	PPCG	.
PPCG0631a	PPCG0631	Primary	0.734	1.507	False	PPCG	.
PPCG0632a	PPCG0632	Primary	0.439	1.706	False	PPCG	.
PPCG0633a	PPCG0633	Primary	0.649	1.970	False	PPCG	.
PPCG0634a	PPCG0634	Primary	0.397	1.337	False	PPCG	.
PPCG0635a	PPCG0635	Primary	0.270	2.326	False	PPCG	.
PPCG0636a	PPCG0636	Primary	0.632	1.889	False	PPCG	.
PPCG0637a	PPCG0637	Primary	0.619	2.075	False	PPCG	.
PPCG0638a	PPCG0638	Primary	0.612	1.771	False	PPCG	.
PPCG0639a	PPCG0639	Primary	0.290	2.015	False	PPCG	.
PPCG0640a	PPCG0640	Primary	0.563	1.693	False	PPCG	.
PPCG0641a	PPCG0641	Primary	0.441	1.600	False	PPCG	.
PPCG0642a	PPCG0642	Primary	0.329	1.226	False	PPCG	.
PPCG0643a	PPCG0643	Primary	0.259	3.967	False	PPCG	SV
PPCG0644a	PPCG0644	Primary	0.677	1.371	False	PPCG	.
PPCG0645a	PPCG0645	Primary	0.277	1.706	False	PPCG	.
PPCG0646a	PPCG0646	Primary	0.278	1.547	False	PPCG	.
PPCG0647a	PPCG0647	Primary	0.405	1.595	False	PPCG	.
PPCG0648a	PPCG0648	Primary	0.301	1.868	False	PPCG	.
PPCG0649a	PPCG0649	Primary	0.561	1.693	False	PPCG	.
PPCG0650a	PPCG0650	Primary	0.505	1.581	False	PPCG	.
PPCG0651a	PPCG0651	Primary	0.642	1.533	False	PPCG	.
PPCG0652a	PPCG0652	Primary	0.588	1.705	False	PPCG	.
PPCG0653a	PPCG0653	Primary	0.401	1.897	False	PPCG	.
PPCG0654a	PPCG0654	Primary	0.566	1.661	False	PPCG	.
PPCG0655a	PPCG0655	Primary	0.286	1.769	False	PPCG	.
PPCG0656a	PPCG0656	Primary	0.618	1.663	False	PPCG	.
PPCG0657a	PPCG0657	Primary	0.582	1.714	False	PPCG	.
PPCG0658a	PPCG0658	Primary	0.733	1.750	False	PPCG	.
PPCG0659a	PPCG0659	Primary	0.286	2.016	False	PPCG	.
PPCG0660a	PPCG0660	Primary	0.299	2.368	False	PPCG	.
PPCG0661a	PPCG0661	Primary	0.549	1.649	False	PPCG	.
PPCG0662a	PPCG0662	Primary	0.307	2.390	False	PPCG	.
PPCG0663a	PPCG0663	Primary	0.695	1.478	False	PPCG	.
PPCG0664a	PPCG0664	Primary	0.333	3.398	False	PPCG	.
PPCG0665a	PPCG0665	Primary	0.638	1.824	False	PPCG	.
PPCG0666a	PPCG0666	Primary	0.735	1.576	False	PPCG	.
PPCG0667a	PPCG0667	Primary	0.569	3.581	False	PPCG	.
PPCG0668a	PPCG0668	Primary	0.683	1.739	False	PPCG	.
PPCG0669a	PPCG0669	Primary	0.521	2.324	False	PPCG	.
PPCG0670a	PPCG0670	Primary	0.329	1.584	False	PPCG	.
PPCG0671a	PPCG0671	Primary	0.735	1.809	False	PPCG	.
PPCG0672a	PPCG0672	Primary	0.462	1.704	False	PPCG	.
PPCG0673a	PPCG0673	Primary	0.670	1.571	False	PPCG	.
PPCG0674a	PPCG0674	Primary	0.633	1.785	False	PPCG	.
PPCG0675a	PPCG0675	Primary	0.342	1.727	False	PPCG	.
PPCG0676a	PPCG0676	Primary	0.469	1.618	False	PPCG	.
PPCG0677a	PPCG0677	Primary	0.308	1.778	False	PPCG	.
PPCG0678a	PPCG0678	Primary	0.716	1.888	False	PPCG	.
PPCG0679a	PPCG0679	Primary	0.543	1.949	False	PPCG	.
PPCG0680a	PPCG0680	Primary	0.692	0.778	False	PPCG	.
PPCG0681a	PPCG0681	Primary	0.425	1.773	False	PPCG	.
PPCG0682a	PPCG0682	Primary	0.448	1.810	False	PPCG	.
PPCG0683a	PPCG0683	Primary	0.329	3.395	True	PPCG	.
PPCG0684a	PPCG0684	Primary	0.494	1.736	False	PPCG	.
PPCG0685a	PPCG0685	Primary	0.642	1.870	False	PPCG	.
PPCG0686a	PPCG0686	Primary	0.283	1.331	False	PPCG	.
PPCG0687a	PPCG0687	Primary	0.494	1.653	False	PPCG	.
PPCG0688a	PPCG0688	Primary	0.546	1.058	False	PPCG	.
PPCG0689a	PPCG0689	Primary	0.363	1.812	False	PPCG	.
PPCG0690a	PPCG0690	Primary	0.519	1.774	False	PPCG	.
PPCG0691a	PPCG0691	Primary	0.334	1.886	False	PPCG	.
PPCG0692a	PPCG0692	Primary	0.564	1.295	False	PPCG	.
PPCG0693a	PPCG0693	Primary	0.380	1.474	False	PPCG	.
PPCG0694a	PPCG0694	Primary	0.651	1.533	False	PPCG	.
PPCG0695a	PPCG0695	Primary	0.545	1.684	False	PPCG	.
PPCG0696a	PPCG0696	Primary	0.802	1.506	False	PPCG	.
PPCG0697a	PPCG0697	Primary	0.546	1.421	False	PPCG	.
PPCG0698a	PPCG0698	Primary	0.690	1.548	False	PPCG	.
PPCG0699a	PPCG0699	Primary	0.596	1.390	False	PPCG	.
PPCG0700a	PPCG0700	Primary	0.856	1.988	False	PPCG	.
PPCG0701a	PPCG0701	Primary	0.258	1.672	False	PPCG	.
PPCG0702a	PPCG0702	Primary	0.674	1.662	False	PPCG	.
PPCG0703a	PPCG0703	Primary	0.562	1.793	False	PPCG	.
PPCG0704a	PPCG0704	Primary	0.270	1.660	False	PPCG	.
PPCG0705a	PPCG0705	Primary	0.491	3.569	True	PPCG	.
PPCG0706a	PPCG0706	Primary	0.659	1.671	False	PPCG	.
PPCG0707a	PPCG0707	Primary	0.328	1.821	False	PPCG	.
PPCG0708a	PPCG0708	Primary	0.737	1.626	False	PPCG	.
PPCG0709a	PPCG0709	Primary	0.305	1.553	False	PPCG	.
PPCG0710a	PPCG0710	Primary	0.408	1.750	False	PPCG	.
PPCG0711a	PPCG0711	Primary	0.528	2.143	False	PPCG	.
PPCG0712a	PPCG0712	Primary	0.540	1.186	False	PPCG	.
PPCG0713a	PPCG0713	Primary	0.315	1.756	False	PPCG	.
PPCG0714a	PPCG0714	Primary	0.323	1.804	False	PPCG	.
PPCG0715a	PPCG0715	Primary	0.278	1.360	False	PPCG	.
PPCG0716a	PPCG0716	Primary	0.651	1.865	False	PPCG	.
PPCG0717a	PPCG0717	Primary	0.711	1.631	False	PPCG	.
PPCG0718a	PPCG0718	Primary	0.561	2.452	False	PPCG	.
PPCG0719a	PPCG0719	Primary	0.538	1.866	False	PPCG	.
PPCG0720a	PPCG0720	Primary	0.338	5.631	True	PPCG	.
PPCG0721a	PPCG0721	Primary	0.614	1.782	False	PPCG	.
PPCG0722a	PPCG0722	Primary	0.503	1.806	False	PPCG	.
PPCG0723a	PPCG0723	Primary	0.484	1.954	False	PPCG	.
PPCG0724a	PPCG0724	Primary	0.380	2.603	False	PPCG	.
PPCG0725a	PPCG0725	Primary	0.314	1.809	False	PPCG	.
PPCG0726a	PPCG0726	Primary	0.307	3.085	False	PPCG	.
PPCG0727a	PPCG0727	Primary	0.453	1.785	False	PPCG	.
PPCG0728a	PPCG0728	Primary	0.290	3.651	False	PPCG	.
PPCG0729a	PPCG0729	Primary	0.365	1.908	False	PPCG	.
PPCG0730a	PPCG0730	Primary	0.592	1.485	False	PPCG	.
PPCG0731a	PPCG0731	Primary	0.582	2.195	False	PPCG	.
PPCG0732a	PPCG0732	Primary	0.350	2.240	False	PPCG	.
PPCG0733a	PPCG0733	Primary	0.395	1.577	False	PPCG	.
PPCG0734a	PPCG0734	Primary	0.479	1.937	False	PPCG	.
PPCG0735a	PPCG0735	Primary	0.350	3.490	True	PPCG	.
PPCG0736a	PPCG0736	Primary	0.487	1.612	False	PPCG	.
PPCG0737a	PPCG0737	Primary	0.512	1.562	False	PPCG	.
PPCG0738a	PPCG0738	Primary	0.669	3.594	True	PPCG	.
PPCG0739a	PPCG0739	Primary	0.209	2.301	False	PPCG	.
PPCG0740a	PPCG0740	Primary	0.560	3.600	True	PPCG	.
PPCG0741a	PPCG0741	Primary	0.421	1.464	False	PPCG	.
PPCG0742a	PPCG0742	Primary	0.457	4.449	True	PPCG	.
PPCG0743a	PPCG0743	Primary	0.447	1.661	False	PPCG	.
PPCG0744a	PPCG0744	Primary	0.333	1.513	False	PPCG	.
PPCG0745a	PPCG0745	Primary	0.627	1.273	False	PPCG	.
PPCG0746a	PPCG0746	Primary	0.285	1.618	False	PPCG	.
PPCG0747a	PPCG0747	Primary	0.695	1.724	False	PPCG	.
PPCG0748a	PPCG0748	Primary	0.580	2.316	False	PPCG	SV
PPCG0749a	PPCG0749	Primary	0.575	2.945	False	PPCG	.
PPCG0750a	PPCG0750	Primary	0.784	2.388	False	PPCG	.
PPCG0751a	PPCG0751	Primary	0.970	2.620	False	PPCG	.
PPCG0752a	PPCG0752	Primary	0.571	1.743	False	PPCG	.
PPCG0753a	PPCG0753	Primary	0.247	1.726	False	PPCG	.
PPCG0754a	PPCG0754	Primary	0.408	1.733	False	PPCG	.
PPCG0755a	PPCG0755	Primary	0.468	1.587	False	PPCG	.
PPCG0756a	PPCG0756	Primary	0.762	1.561	False	PPCG	.
PPCG0757a	PPCG0757	Primary	0.326	1.616	False	PPCG	.
PPCG0758a	PPCG0758	Primary	0.542	1.860	False	PPCG	.
PPCG0759a	PPCG0759	Primary	0.209	1.915	False	PPCG	.
PPCG0760a	PPCG0760	Primary	0.553	0.968	False	PPCG	.
PPCG0761a	PPCG0761	Primary	0.808	2.375	False	PPCG	.
PPCG0762a	PPCG0762	Primary	0.615	1.483	False	PPCG	.
PPCG0763a	PPCG0763	Primary	0.595	1.566	False	PPCG	.
PPCG0764a	PPCG0764	Primary	0.627	1.562	False	PPCG	.
PPCG0765a	PPCG0765	Primary	0.410	1.098	False	PPCG	.
PPCG0766a	PPCG0766	Primary	0.286	1.597	False	PPCG	.
PPCG0767a	PPCG0767	Primary	0.786	1.543	False	PPCG	.
PPCG0768a	PPCG0768	Primary	0.636	2.315	False	PPCG	.
PPCG0769a	PPCG0769	Primary	0.444	1.856	False	PPCG	.
PPCG0770a	PPCG0770	Primary	0.780	1.726	False	PPCG	.
PPCG0771a	PPCG0771	Primary	0.487	1.557	False	PPCG	.
PPCG0772a	PPCG0772	Primary	0.620	2.060	False	PPCG	.
PPCG0773a	PPCG0773	Primary	0.578	1.722	False	PPCG	.
PPCG0774a	PPCG0774	Primary	0.551	1.636	False	PPCG	.
PPCG0775a	PPCG0775	Primary	0.574	1.751	False	PPCG	.
PPCG0776a	PPCG0776	Primary	0.213	2.519	False	PPCG	.
PPCG0777a	PPCG0777	Primary	0.314	1.844	False	PPCG	.
PPCG0778a	PPCG0778	Primary	0.746	1.834	False	PPCG	.
PPCG0779a	PPCG0779	Primary	0.770	1.971	False	PPCG	.
PPCG0780a	PPCG0780	Primary	0.629	0.784	False	PPCG	.
PPCG0781a	PPCG0781	Primary	0.600	1.309	False	PPCG	.
PPCG0782a	PPCG0782	Primary	0.290	0.977	False	PPCG	.
PPCG0783a	PPCG0783	Primary	0.352	1.900	False	PPCG	.
PPCG0784a	PPCG0784	Primary	0.287	1.607	False	PPCG	.
PPCG0785a	PPCG0785	Primary	0.308	1.130	False	PPCG	.
PPCG0786a	PPCG0786	Primary	0.568	4.269	True	PPCG	.
PPCG0787a	PPCG0787	Primary	0.602	1.237	False	PPCG	.
PPCG0788a	PPCG0788	Primary	0.472	1.933	False	PPCG	.
PPCG0789a	PPCG0789	Primary	0.515	0.990	False	PPCG	.
PPCG0790a	PPCG0790	Primary	0.534	1.289	False	PPCG	.
PPCG0791a	PPCG0791	Primary	0.651	1.217	False	PPCG	.
PPCG0792a	PPCG0792	Primary	0.278	1.315	False	PPCG	.
PPCG0793a	PPCG0793	Primary	0.669	1.446	False	PPCG	.
PPCG0794a	PPCG0794	Primary	0.365	1.473	False	PPCG	.
PPCG0795a	PPCG0795	Primary	0.616	1.120	False	PPCG	.
PPCG0796a	PPCG0796	Primary	0.314	0.748	False	PPCG	.
PPCG0797a	PPCG0797	Primary	0.229	1.292	False	PPCG	.
PPCG0798a	PPCG0798	Primary	0.292	1.220	False	PPCG	.
PPCG0799a	PPCG0799	Primary	0.238	1.287	False	PPCG	.
PPCG0800a	PPCG0800	Primary	0.624	1.263	False	PPCG	.
PPCG0801a	PPCG0801	Primary	0.727	0.861	False	PPCG	.
PPCG0802a	PPCG0802	Primary	0.538	1.753	False	PPCG	.
PPCG0803a	PPCG0803	Primary	0.310	2.111	False	PPCG	.
PPCG0804a	PPCG0804	Primary	0.250	2.042	False	PPCG	.
PPCG0805a	PPCG0805	Primary	0.599	1.646	False	PPCG	.
PPCG0806a	PPCG0806	Primary	0.247	1.716	False	PPCG	.
PPCG0807a	PPCG0807	Primary	0.795	2.148	False	PPCG	.
PPCG0808a	PPCG0808	Primary	0.667	1.611	False	PPCG	.
PPCG0809a	PPCG0809	Primary	0.238	1.814	False	PPCG	.
PPCG0810a	PPCG0810	Primary	0.481	1.670	False	PPCG	.
PPCG0811a	PPCG0811	Primary	0.550	1.932	False	PPCG	.
PPCG0812a	PPCG0812	Primary	0.310	1.719	False	PPCG	.
PPCG0813a	PPCG0813	Primary	0.388	1.819	False	PPCG	.
PPCG0814a	PPCG0814	Primary	0.290	0.963	False	PPCG	.
PPCG0815a	PPCG0815	Primary	0.332	1.748	False	PPCG	.
PPCG0816a	PPCG0816	Primary	0.307	1.672	False	PPCG	.
PPCG0817a	PPCG0817	Primary	0.303	1.580	False	PPCG	.
PPCG0818a	PPCG0818	Primary	0.644	1.729	False	PPCG	.
PPCG0819a	PPCG0819	Primary	0.739	1.238	False	PPCG	.
PPCG0820a	PPCG0820	Primary	0.257	1.630	False	PPCG	.
PPCG0821a	PPCG0821	Primary	0.230	1.774	False	PPCG	.
PPCG0822a	PPCG0822	Primary	0.353	1.742	False	PPCG	.
PPCG0823a	PPCG0823	Primary	0.394	1.952	True	PPCG	.
PPCG0824a	PPCG0824	Primary	0.505	1.182	False	PPCG	.
PPCG0825a	PPCG0825	Primary	0.490	0.876	False	PPCG	.
PPCG0826a	PPCG0826	Primary	0.481	0.895	False	PPCG	.
PPCG0827a	PPCG0827	Primary	0.430	1.398	False	PPCG	.
PPCG0828a	PPCG0828	Primary	0.553	1.819	False	PPCG	.
PPCG0829a	PPCG0829	Primary	0.264	2.457	False	PPCG	SV
PPCG0830a	PPCG0830	Primary	0.323	2.909	True	PPCG	.
PPCG0831a	PPCG0831	Primary	0.267	1.938	False	PPCG	.
PPCG0832a	PPCG0832	Primary	0.251	1.706	False	PPCG	.
PPCG0833a	PPCG0833	Primary	0.642	1.670	False	PPCG	.
PPCG0834a	PPCG0834	Primary	0.563	1.559	False	PPCG	.
PPCG0835a	PPCG0835	Primary	0.250	2.817	False	PPCG	.
PPCG0836a	PPCG0836	Primary	0.420	3.151	True	PPCG	.
PPCG0837a	PPCG0837	Primary	0.239	2.380	False	PPCG	.
PPCG0838a	PPCG0838	Primary	0.792	1.382	False	PPCG	.
PPCG0839a	PPCG0839	Primary	0.248	2.043	False	PPCG	.
PPCG0840a	PPCG0840	Primary	0.439	1.571	False	PPCG	.
PPCG0841a	PPCG0841	Primary	0.259	1.736	False	PPCG	.
PPCG0842a	PPCG0842	Primary	0.298	1.919	False	PPCG	.
PPCG0843a	PPCG0843	Primary	0.333	1.686	False	PPCG	.
PPCG0844a	PPCG0844	Primary	0.295	1.920	False	PPCG	SV
PPCG0844c	PPCG0844	Primary	0.310	1.926	False	PPCG	SV
PPCG0844d	PPCG0844	Primary	0.522	1.974	False	PPCG	.
PPCG0844e	PPCG0844	Primary	0.446	1.886	False	PPCG	.
PPCG0844f	PPCG0844	Primary	0.314	3.683	True	PPCG	.
PPCG0844g	PPCG0844	Primary	0.335	1.804	False	PPCG	.
PPCG0845a	PPCG0845	Primary	0.284	2.038	False	PPCG	.
PPCG0846a	PPCG0846	Primary	0.310	1.906	False	PPCG	.
PPCG0846c	PPCG0846	Primary	0.300	1.923	False	PPCG	INDEL,SV
PPCG0847a	PPCG0847	Primary	0.372	4.037	True	PPCG	.
PPCG0847c	PPCG0847	Primary	0.370	3.836	True	PPCG	.
PPCG0847d	PPCG0847	Primary	0.482	1.913	False	PPCG	.
PPCG0847e	PPCG0847	Primary	0.469	1.912	False	PPCG	.
PPCG0847f	PPCG0847	Primary	0.380	4.005	True	PPCG	.
PPCG0847g	PPCG0847	Primary	0.452	1.881	False	PPCG	.
PPCG0848a	PPCG0848	Primary	0.257	1.846	False	PPCG	.
PPCG0849a	PPCG0849	Primary	0.410	3.697	True	PPCG	.
PPCG0849c	PPCG0849	Primary	0.358	1.783	False	PPCG	.
PPCG0849d	PPCG0849	Primary	0.838	1.808	False	PPCG	.
PPCG0850a	PPCG0850	Primary	0.291	1.805	False	PPCG	.
PPCG0850c	PPCG0850	Primary	0.280	1.733	False	PPCG	.
PPCG0851a	PPCG0851	Primary	0.293	3.547	True	PPCG	.
PPCG0851c	PPCG0851	Primary	0.357	1.573	False	PPCG	.
PPCG0852a	PPCG0852	Primary	0.467	1.923	False	PPCG	.
PPCG0853a	PPCG0853	Primary	0.334	1.800	False	PPCG	.
PPCG0853c	PPCG0853	Primary	0.480	1.810	False	PPCG	.
PPCG0854a	PPCG0854	Primary	0.290	1.867	False	PPCG	SV
PPCG0855a	PPCG0855	Primary	0.260	1.895	False	PPCG	.
PPCG0856a	PPCG0856	Primary	0.320	1.967	False	PPCG	.
PPCG0857a	PPCG0857	Primary	0.636	1.505	False	PPCG	.
PPCG0858a	PPCG0858	Primary	0.386	1.766	False	PPCG	.
PPCG0859a	PPCG0859	Primary	0.407	1.817	False	PPCG	.
PPCG0860a	PPCG0860	Primary	0.400	1.930	False	PPCG	.
PPCG0861a	PPCG0861	Primary	0.398	1.855	False	PPCG	.
PPCG0862a	PPCG0862	Primary	0.428	1.785	False	PPCG	.
PPCG0863a	PPCG0863	Primary	0.510	1.674	False	PPCG	.
PPCG0864a	PPCG0864	Primary	0.496	2.022	False	PPCG	.
PPCG0865a	PPCG0865	Primary	0.443	1.565	False	PPCG	.
PPCG0866a	PPCG0866	Primary	0.264	2.088	False	PPCG	.
PPCG0867a	PPCG0867	Primary	0.260	1.917	False	PPCG	SV
PPCG0868a	PPCG0868	Primary	0.280	1.926	False	PPCG	SV
PPCG0869a	PPCG0869	Primary	0.322	1.659	False	PPCG	.
PPCG0870a	PPCG0870	Primary	0.427	1.800	False	PPCG	.
PPCG0871a	PPCG0871	Primary	0.288	3.464	True	PPCG	.
PPCG0872a	PPCG0872	Primary	0.320	1.893	False	PPCG	.
PPCG0873a	PPCG0873	Primary	0.400	1.694	False	PPCG	.
PPCG0874a	PPCG0874	Primary	0.290	1.952	False	PPCG	.
PPCG0875a	PPCG0875	Primary	0.571	1.586	False	PPCG	.
PPCG0876a	PPCG0876	Primary	0.420	1.778	False	PPCG	.
PPCG0877a	PPCG0877	Primary	0.283	1.906	False	PPCG	.
PPCG0878a	PPCG0878	Primary	0.288	1.726	False	PPCG	.
PPCG0879a	PPCG0879	Primary	0.308	1.697	False	PPCG	.
PPCG0880a	PPCG0880	Primary	0.371	1.930	False	PPCG	.
PPCG0881a	PPCG0881	Primary	0.600	2.000	False	PPCG	.
PPCG0882a	PPCG0882	Primary	0.578	1.789	False	PPCG	.
PPCG0883a	PPCG0883	Primary	0.466	1.972	False	PPCG	.
PPCG0884a	PPCG0884	Primary	0.554	2.943	False	PPCG	.
PPCG0885a	PPCG0885	Primary	0.535	1.830	False	PPCG	.
PPCG0886a	PPCG0886	Primary	0.509	1.872	False	PPCG	.
PPCG0887a	PPCG0887	Primary	0.431	1.792	False	PPCG	.
PPCG0888a	PPCG0888	Primary	0.288	1.828	False	PPCG	.
PPCG0889a	PPCG0889	Primary	0.417	1.549	False	PPCG	.
PPCG0890a	PPCG0890	Primary	0.322	2.017	False	PPCG	.
PPCG0891a	PPCG0891	Primary	0.550	2.744	False	PPCG	.
PPCG0892a	PPCG0892	Primary	0.447	1.781	False	PPCG	.
PPCG0893a	PPCG0893	Primary	0.561	1.747	False	PPCG	.
PPCG0894a	PPCG0894	Primary	0.350	1.929	False	PPCG	SV
PPCG0895a	PPCG0895	Primary	0.405	1.614	False	PPCG	.
PPCG0896a	PPCG0896	Primary	0.458	1.973	False	PPCG	.
PPCG0897a	PPCG0897	Primary	0.370	1.723	False	PPCG	.
PPCG0898a	PPCG0898	Primary	0.374	1.841	False	PPCG	.
PPCG0899a	PPCG0899	Primary	0.388	1.814	False	PPCG	.
PPCG0900a	PPCG0900	Primary	0.371	2.101	False	PPCG	.
PPCG0901a	PPCG0901	Primary	0.300	1.903	False	PPCG	.
PPCG0902a	PPCG0902	Primary	0.428	2.096	False	PPCG	.
PPCG0903a	PPCG0903	Primary	0.316	1.783	False	PPCG	.
PPCG0904a	PPCG0904	Primary	0.278	1.705	False	PPCG	.
PPCG0905a	PPCG0905	Primary	0.320	1.714	False	PPCG	.
PPCG0906a	PPCG0906	Primary	0.307	3.091	False	PPCG	.
PPCG0907a	PPCG0907	Primary	0.389	1.790	False	PPCG	.
PPCG0908a	PPCG0908	Primary	0.466	1.925	False	PPCG	.
PPCG0909a	PPCG0909	Primary	0.575	1.906	False	PPCG	.
PPCG0910a	PPCG0910	Primary	0.654	3.362	True	PPCG	.
PPCG0911a	PPCG0911	Primary	0.261	2.144	False	PPCG	.
PPCG0912a	PPCG0912	Primary	0.639	1.670	False	PPCG	.
PPCG0913a	PPCG0913	Primary	0.345	1.737	False	PPCG	.
PPCG0913c	PPCG0913	Primary	0.268	1.868	False	PPCG	.
PPCG0914a	PPCG0914	Primary	0.293	2.171	False	PPCG	.
PPCG0915a	PPCG0915	Primary	0.522	1.741	False	PPCG	.
PPCG0916a	PPCG0916	Primary	0.478	1.660	False	PPCG	.
PPCG0917a	PPCG0917	Primary	0.467	1.911	False	PPCG	.
PPCG0918a	PPCG0918	Primary	0.651	1.869	False	PPCG	.
PPCG0919a	PPCG0919	Primary	0.448	1.770	False	PPCG	.
PPCG0920a	PPCG0920	Primary	0.527	1.609	False	PPCG	.
PPCG0921a	PPCG0921	Primary	0.491	1.944	False	PPCG	.
PPCG0922a	PPCG0922	Primary	0.441	1.695	False	PPCG	.
PPCG0923a	PPCG0923	Primary	0.693	1.910	False	PPCG	.
PPCG0924a	PPCG0924	Primary	0.243	2.837	False	PPCG	.
PPCG0924c	PPCG0924	Primary	0.300	2.762	False	PPCG	.
PPCG0925a	PPCG0925	Primary	0.247	1.687	False	PPCG	INDEL,SNV,SV
PPCG0926a	PPCG0926	Primary	0.257	1.830	False	PPCG	.
PPCG0927a	PPCG0927	Primary	0.499	1.785	False	PPCG	.
PPCG0928a	PPCG0928	Primary	0.508	1.836	False	PPCG	.
PPCG0929a	PPCG0929	Primary	0.679	1.644	False	PPCG	.
PPCG0930a	PPCG0930	Primary	0.521	1.946	False	PPCG	.
PPCG0931a	PPCG0931	Primary	0.279	1.633	False	PPCG	.
PPCG0932a	PPCG0932	Primary	0.596	3.444	True	PPCG	.
PPCG0933a	PPCG0933	Primary	0.290	1.969	False	PPCG	.
PPCG0934a	PPCG0934	Primary	0.245	1.712	False	PPCG	.
PPCG0935a	PPCG0935	Primary	0.784	1.809	False	PPCG	.
PPCG0936a	PPCG0936	Primary	0.481	2.000	False	PPCG	.
PPCG0937a	PPCG0937	Primary	0.288	1.879	False	PPCG	.
PPCG0938a	PPCG0938	Primary	0.400	1.953	False	PPCG	.
PPCG0939a	PPCG0939	Primary	0.347	2.410	False	PPCG	.
PPCG0940a	PPCG0940	Primary	0.487	1.852	False	PPCG	.
PPCG0941a	PPCG0941	Primary	0.302	1.608	False	PPCG	.
PPCG0942a	PPCG0942	Primary	0.878	1.656	False	PPCG	.
PPCG0943c	PPCG0943	Primary	0.300	1.745	False	PPCG	.
PPCG0945a	PPCG0945	Primary	0.259	4.225	False	PPCG	.
PPCG0945c	PPCG0945	Primary	0.992	2.000	False	PPCG	.
PPCG0947a	PPCG0947	Primary	0.655	3.226	True	PPCG	.
PPCG0948a	PPCG0948	Primary	0.522	1.750	False	PPCG	.
PPCG0949a	PPCG0949	Primary	0.410	1.887	False	PPCG	.
PPCG0950a	PPCG0950	Primary	0.717	1.757	False	PPCG	.
PPCG0951a	PPCG0951	Primary	0.549	1.849	False	PPCG	.
PPCG0952a	PPCG0952	Primary	0.515	1.850	False	PPCG	.
PPCG0953a	PPCG0953	Primary	0.492	1.847	False	PPCG	.
PPCG0954a	PPCG0954	Primary	0.341	1.889	False	PPCG	.
PPCG0955a	PPCG0955	Primary	0.370	1.926	False	PPCG	SV
PPCG0956a	PPCG0956	Primary	0.358	0.960	False	PPCG	.
PPCG0957a	PPCG0957	Primary	0.587	1.524	False	PPCG	.
PPCG0958a	PPCG0958	Primary	0.296	1.950	False	PPCG	.
PPCG0959a	PPCG0959	Primary	0.952	1.926	False	PPCG	SV
PPCG0960a	PPCG0960	Primary	0.293	2.023	False	PPCG	.
PPCG0961a	PPCG0961	Primary	0.342	1.862	False	PPCG	.
PPCG0962a	PPCG0962	Primary	0.290	1.929	False	PPCG	SV
PPCG0963a	PPCG0963	Primary	0.297	1.650	False	PPCG	.
PPCG0964a	PPCG0964	Primary	0.504	2.142	False	PPCG	.
PPCG0965a	PPCG0965	Primary	0.450	1.848	False	PPCG	.
PPCG0966a	PPCG0966	Primary	0.202	2.530	False	PPCG	.
PPCG0967a	PPCG0967	Primary	0.391	3.477	True	PPCG	.
PPCG0968a	PPCG0968	Primary	0.251	1.821	False	PPCG	.
PPCG0969a	PPCG0969	Primary	0.334	2.601	False	PPCG	.
PPCG0970a	PPCG0970	Primary	0.840	2.036	False	PPCG	.
PPCG0971a	PPCG0971	Primary	0.471	1.886	False	PPCG	.
PPCG0972a	PPCG0972	Primary	0.504	1.727	False	PPCG	.
PPCG0973a	PPCG0973	Primary	0.430	1.617	False	PPCG	.
PPCG0974a	PPCG0974	Primary	0.294	3.567	True	PPCG	.
PPCG0975a	PPCG0975	Primary	0.353	1.878	False	PPCG	.
PPCG0976a	PPCG0976	Primary	0.428	1.922	False	PPCG	.
PPCG0977a	PPCG0977	Primary	0.396	1.810	False	PPCG	.
PPCG0978a	PPCG0978	Primary	0.305	1.863	False	PPCG	.
PPCG0979a	PPCG0979	Primary	0.502	1.792	False	PPCG	.
PPCG0980a	PPCG0980	Primary	0.641	1.733	False	PPCG	.
PPCG0981a	PPCG0981	Primary	0.280	2.429	False	PPCG	.
PPCG0982a	PPCG0982	Primary	0.259	1.906	False	PPCG	SV
PPCG0983a	PPCG0983	Primary	0.653	1.789	False	PPCG	.
PPCG0984a	PPCG0984	Primary	0.381	3.188	True	PPCG	.
PPCG0985a	PPCG0985	Primary	0.490	1.873	False	PPCG	.
PPCG0986a	PPCG0986	Primary	0.262	2.833	False	PPCG	.
PPCG0987a	PPCG0987	Primary	0.454	2.507	False	PPCG	.
PPCG1084a	PPCG1084	Primary	0.532	2.144	False	PPCG	.
PPCG1085a	PPCG1085	Primary	0.386	1.786	False	PPCG	.
PPCG1086a	PPCG1086	Primary	0.543	2.673	False	PPCG	.
PPCG1087a	PPCG1087	Primary	0.761	2.485	False	PPCG	.
PPCG1088a	PPCG1088	Primary	0.174	2.747	False	PPCG	.
PPCG1089a	PPCG1089	Primary	0.302	1.901	False	PPCG	.
PPCG1090a	PPCG1090	Primary	0.490	1.596	False	PPCG	.
PPCG1091a	PPCG1091	Primary	0.258	1.989	False	PPCG	.
PPCG1092a	PPCG1092	Primary	0.180	1.926	False	PPCG	.
PPCG1093a	PPCG1093	Primary	0.427	1.619	False	PPCG	.
PPCG1094a	PPCG1094	Primary	0.280	2.861	False	PPCG	.
PPCG1095a	PPCG1095	Primary	0.553	1.772	False	PPCG	.
PPCG1096a	PPCG1096	Primary	0.160	2.077	False	PPCG	SV
PPCG1097a	PPCG1097	Primary	0.271	2.633	False	PPCG	.
PPCG1098a	PPCG1098	Primary	0.170	3.357	False	PPCG	INDEL
PPCG1099a	PPCG1099	Primary	0.170	2.000	False	PPCG	SV
PPCG1100a	PPCG1100	Primary	0.709	1.758	False	PPCG	.
PPCG1101a	PPCG1101	Primary	0.160	2.036	False	PPCG	SV
PPCG1102a	PPCG1102	Primary	0.384	4.720	True	PPCG	.
PPCG1103a	PPCG1103	Primary	0.346	2.636	False	PPCG	.
PPCG1105a	PPCG1105	Primary	0.252	1.839	False	PPCG	.
PPCG1106a	PPCG1106	Primary	0.709	1.690	False	PPCG	.
